slug;rubrik;prio;quelle;typ;cluster_vorschlag
360-grad-feedback-software;360-Grad-Feedback Software;1;capterra;software;Personal & HR
3d-architektur-software;3D Architektur Software;1;capterra;software;Branchenloesungen
3d-cad-software;3D-CAD-Software;1;capterra;software;Design & Kreativ
3d-rendering-software;3D-Rendering-Software;1;capterra;software;Design & Kreativ
a-b-testing;A B Testing;3;omr;software;IT, Security & Infrastruktur
a-b-testing-tools;A/B Testing Tools;2;capterra;software;IT, Security & Infrastruktur
abfallmanagement-software;Abfallmanagement Software;1;capterra;software;Branchenloesungen
abrechnungssoftware-fuer-kanzleien-und-rechtsanwaelte;Abrechnungssoftware für Kanzleien und Rechtsanwälte;1;capterra;software;Branchenloesungen
absatzplanung-software;Absatzplanung Software;1;capterra;software;Unkategorisiert
abschleppdienst-software;Abschleppdienst Software;1;capterra;software;Unkategorisiert
abwesenheitsmanagement-software;Abwesenheitsmanagement-Software;1;beide;software;Personal & HR
account-based-marketing-tools;Account Based Marketing Tools;2;capterra;software;Vertrieb & CRM
accounts-payable-software;Accounts Payable Software;1;capterra;software;Unkategorisiert
ad-network;Ad Network;3;omr;software;IT, Security & Infrastruktur
ad-server-software;Ad-Server Software;1;capterra;software;IT, Security & Infrastruktur
advertising-agencies;Advertising Agencies;3;omr;dienstleister;
advocacy-software;Advocacy Software;1;capterra;software;Unkategorisiert
affiliate-marketing-services;Affiliate Marketing Services;3;omr;dienstleister;
affiliate-networks;Affiliate Networks;3;omr;software;Marketing & SEO
affiliate-platform;Affiliate Platform;2;omr;software;Marketing & SEO
affiliate-software;Affiliate Software;1;capterra;software;Marketing & SEO
agency;Agency;3;omr;dienstleister;
agentic-ai;Agentic AI;3;beide;software;KI & Automatisierung
agiles-projektmanagement-tools;Agiles Projektmanagement Tools;2;capterra;software;Projekte & Zusammenarbeit
agrarsoftware;Agrarsoftware;1;capterra;software;Branchenloesungen
ai;AI;3;omr;software;Unkategorisiert
ai-agent-builder;AI Agent Builder;2;capterra;software;KI & Automatisierung
ai-agent-builders;AI Agent Builders;2;omr;software;KI & Automatisierung
ai-agents;AI Agents;3;omr;software;KI & Automatisierung
ai-agents-for-business-operations;AI Agents For Business Operations;3;omr;software;KI & Automatisierung
ai-agents-for-customer-support;AI Agents for Customer Support;3;capterra;software;KI & Automatisierung
ai-agents-for-hr;AI Agents for HR;3;capterra;software;Personal & HR
ai-app-builder;AI App Builder;2;capterra;software;KI & Automatisierung
ai-browser;AI Browser;3;omr;software;KI & Automatisierung
ai-call-assistant;AI Call Assistant;3;omr;software;Kommunikation
ai-chatbots;AI Chatbots;3;omr;software;Kommunikation
ai-code-generation;AI Code Generation;3;omr;software;KI & Automatisierung
ai-coding-assistants;AI Coding Assistants;3;omr;software;KI & Automatisierung
ai-compliance;AI Compliance;3;omr;software;KI & Automatisierung
ai-customer-support-agents;AI Customer Support Agents;3;omr;software;KI & Automatisierung
ai-detection;AI Detection;3;omr;software;KI & Automatisierung
ai-legal-assistant;AI Legal Assistant;3;beide;software;KI & Automatisierung
ai-legal-workflow-automation;AI Legal Workflow Automation;3;capterra;software;Projekte & Zusammenarbeit
ai-meeting-assistants;AI Meeting Assistants;3;omr;software;Projekte & Zusammenarbeit
ai-model-hosting;AI Model Hosting;3;omr;software;KI & Automatisierung
ai-sales-assistant-software;AI Sales Assistant Software;1;beide;software;Vertrieb & CRM
ai-sales-development-representatives-sdrs;AI Sales Development Representatives (SDRs);3;capterra;software;Vertrieb & CRM
ai-sales-personalization;AI Sales Personalization;3;omr;software;Vertrieb & CRM
ai-sales-roleplay;AI Sales Roleplay;3;omr;software;Vertrieb & CRM
ai-sdr;AI SDR;3;omr;software;KI & Automatisierung
ai-search-visibility;AI Search Visibility;3;capterra;software;Marketing & SEO
ai-video-generation;AI Video Generation;3;omr;software;Design & Kreativ
aiops-plattformen;AIOps-Plattformen;2;capterra;software;Unkategorisiert
akkreditierung-software;Akkreditierung Software;1;capterra;software;Finanzen & Buchhaltung
all-in-one-marketingplattformen;All-in-One-Marketingplattformen;2;capterra;software;Marketing & SEO
alm-tools;ALM Tools;2;capterra;software;Unkategorisiert
alumni-management-systeme;Alumni-Management Systeme;2;capterra;software;Unkategorisiert
amazon-marketing;Amazon Marketing;3;omr;software;Marketing & SEO
amazon-ppc;Amazon Ppc;3;omr;software;Marketing & SEO
aml-software;AML Software;1;capterra;software;Unkategorisiert
angebotserstellung-software;Angebotserstellung Software;1;capterra;software;Vertrieb & CRM
angebotsmanagement-software;Angebotsmanagement Software;1;capterra;software;Vertrieb & CRM
angebotssoftware-fuer-elektriker;Angebotssoftware für Elektriker;1;capterra;software;Branchenloesungen
angebotssoftware-fuer-klempner;Angebotssoftware für Klempner;1;capterra;software;Branchenloesungen
angebotssoftware-fuer-sanierung-und-umbau;Angebotssoftware für Sanierung und Umbau;1;capterra;software;Branchenloesungen
animationssoftware;Animationssoftware;1;capterra;software;Design & Kreativ
anlagegueterverwaltungssystem;Anlagegüterverwaltungssystem;2;capterra;software;Unkategorisiert
anlagenverwaltung-software;Anlagenverwaltung Software;1;capterra;software;Unkategorisiert
anti-fraud-management-systeme;Anti-Fraud-Management-Systeme;2;capterra;software;Unkategorisiert
anti-spam-software;Anti-Spam Software;1;capterra;software;IT, Security & Infrastruktur
antivirenprogramme;Antivirenprogramme;2;capterra;software;IT, Security & Infrastruktur
antivirus;Antivirus;3;omr;software;IT, Security & Infrastruktur
anwaltssoftware;Anwaltssoftware;1;capterra;software;Branchenloesungen
anwesenheit-software;Anwesenheit Software;1;capterra;software;Personal & HR
api-software;API Software;1;capterra;software;IT, Security & Infrastruktur
apm-software;APM Software;1;capterra;software;Unkategorisiert
apothekensoftware;Apothekensoftware;1;capterra;software;Branchenloesungen
app-builder-software;App-Builder Software;1;capterra;software;Unkategorisiert
app-design-tools;App-Design Tools;2;capterra;software;Design & Kreativ
app-development-agencies;App Development Agencies;2;omr;dienstleister;
aps-software;APS-Software;1;capterra;software;Unkategorisiert
arbeitsbewertungssysteme;Arbeitsbewertungssysteme;2;capterra;software;Unkategorisiert
arbeitsmedizin-software;Arbeitsmedizin Software;1;capterra;software;Branchenloesungen
architektur-cad-programme;Architektur CAD Programme;2;capterra;software;Branchenloesungen
architektur-programme;Architektur Programme;2;capterra;software;Branchenloesungen
archivierungssoftware;Archivierungssoftware;1;capterra;software;IT, Security & Infrastruktur
arzt-abrechnungssoftware;Arzt-Abrechnungssoftware;1;capterra;software;Branchenloesungen
assessment-software;Assessment Software;1;capterra;software;Personal & HR
asset-tracking-software;Asset Tracking Software;1;capterra;software;Unkategorisiert
audience-response-systeme;Audience Response Systeme;2;capterra;software;Unkategorisiert
audio-plugins;Audio Plugins;2;omr;software;Design & Kreativ
audiobearbeitungssoftware;Audiobearbeitungssoftware;1;beide;software;Design & Kreativ
audiokonferenzsoftware;Audiokonferenzsoftware;1;capterra;software;Kommunikation
audit-management;Audit Management;2;omr;software;IT, Security & Infrastruktur
audit-software;Audit Software;1;capterra;software;IT, Security & Infrastruktur
aufgabenmanagement-tools;Aufgabenmanagement Tools;2;beide;software;Projekte & Zusammenarbeit
auftragsbearbeitung-software;Auftragsbearbeitung Software;1;capterra;software;Unkategorisiert
auftragserfassung-software;Auftragserfassung Software;1;capterra;software;Unkategorisiert
auftragsmanagement-software;Auftragsmanagement Software;1;capterra;software;Unkategorisiert
auftragsverwaltungssoftware;Auftragsverwaltungssoftware;1;beide;software;IT, Security & Infrastruktur
augmented-reality-software;Augmented Reality Software;1;capterra;software;Unkategorisiert
auktionsplattformen;Auktionsplattformen;2;capterra;software;E-Commerce & Handel
ausgabenmanagement-software;Ausgabenmanagement-Software;1;beide;software;Finanzen & Buchhaltung
ausschreibungsprogramme;Ausschreibungsprogramme;2;capterra;software;Unkategorisiert
authentifizierungs-apps;Authentifizierungs-Apps;2;capterra;software;Produktion & Supply Chain
autohandel-software;Autohandel Software;1;capterra;software;Branchenloesungen
automated-testing-tools;Automated Testing Tools;2;capterra;software;IT, Security & Infrastruktur
autorensysteme;Autorensysteme;2;beide;software;Lernen & Events
autovermietung-software;Autovermietung-Software;1;capterra;software;Branchenloesungen
ava-software;AVA-Software;1;capterra;software;Branchenloesungen
b2b-e-commerce-platforms-shop-systems;B2B E Commerce Platforms Shop Systems;2;omr;software;E-Commerce & Handel
b2b-e-commerce-plattformen;B2B-E-Commerce-Plattformen;2;capterra;software;E-Commerce & Handel
backlink;Backlink;3;omr;software;Marketing & SEO
backlink-analysis;Backlink Analysis;3;omr;software;Marketing & SEO
backlink-check;Backlink Check;3;omr;software;Marketing & SEO
backlink-monitoring;Backlink Monitoring;3;omr;software;Marketing & SEO
backlink-tools;Backlink-Tools;2;capterra;software;Marketing & SEO
backup-software;Backup-Software;1;capterra;software;IT, Security & Infrastruktur
baeckereisoftware;Bäckereisoftware;1;capterra;software;Branchenloesungen
banking-apps;Banking-Apps;2;capterra;software;Finanzen & Buchhaltung
banking-software;Banking Software;1;capterra;software;Finanzen & Buchhaltung
barcode-software;Barcode Software;1;capterra;software;IT, Security & Infrastruktur
barrierefreie-software;Barrierefreie Software;1;capterra;software;Website & Content
bau-projektmanagement;Bau Projektmanagement;3;omr;software;Branchenloesungen
baukalkulation-software;Baukalkulation Software;1;capterra;software;Branchenloesungen
baumanagement-software;Baumanagement Software;1;capterra;software;Branchenloesungen
baumkataster-software;Baumkataster-Software;1;capterra;software;Branchenloesungen
bauplanungssoftware;Bauplanungssoftware;1;capterra;software;Branchenloesungen
bausoftware-fuer-oeffentliche-bauarbeiten;Bausoftware für öffentliche Bauarbeiten;1;capterra;software;Branchenloesungen
bcm-software;BCM Software;1;capterra;software;Unkategorisiert
bedarfsplanung-software;Bedarfsplanung Software;1;capterra;software;Unkategorisiert
befragungssoftware;Befragungssoftware;1;capterra;software;Marketing & SEO
bekleidungsmanagement-software;Bekleidungsmanagement Software;1;capterra;software;Unkategorisiert
bergbausoftware;Bergbausoftware;1;capterra;software;Branchenloesungen
beschaffungs-und-sourcing-software;Beschaffungs- und Sourcing Software;1;capterra;software;Produktion & Supply Chain
beschwerdemanagement-software;Beschwerdemanagement Software;1;capterra;software;Kommunikation
bestandsverwaltungssoftware-fuer-die-fertigung;Bestandsverwaltungssoftware für die Fertigung;1;capterra;software;IT, Security & Infrastruktur
bestattersoftware;Bestattersoftware;1;capterra;software;Branchenloesungen
besuchermanagement-software;Besuchermanagement Software;1;capterra;software;Unkategorisiert
betriebskostenabrechnung-software;Betriebskostenabrechnung Software;1;capterra;software;Finanzen & Buchhaltung
betriebssysteme;Betriebssysteme;2;capterra;software;Unkategorisiert
betriebswirtschaftliche-software;Betriebswirtschaftliche Software;1;capterra;software;Unkategorisiert
bewerbermanagementsysteme;Bewerbermanagementsysteme;2;beide;software;Marketing & SEO
bewo-software;BeWo Software;1;capterra;software;Unkategorisiert
bi-tools;BI-Tools;2;capterra;software;Daten & Analytics
bibliothekssoftware;Bibliothekssoftware;1;capterra;software;Branchenloesungen
big-data-tools;Big Data Tools;2;capterra;software;Daten & Analytics
bilanzsoftware;Bilanzsoftware;1;capterra;software;Finanzen & Buchhaltung
bilderkennungssoftware;Bilderkennungssoftware;1;capterra;software;Design & Kreativ
bill-of-materials-software;Bill of Materials Software;1;capterra;software;Unkategorisiert
billing;Billing;3;omr;software;Finanzen & Buchhaltung
bim-software;BIM Software;1;capterra;software;Branchenloesungen
blockchain-plattformen;Blockchain-Plattformen;2;capterra;software;Unkategorisiert
blog-software;Blog-Software;1;capterra;software;IT, Security & Infrastruktur
board-management-software;Board-Management-Software;1;capterra;software;Unkategorisiert
bot-erkennung-und-schadensbegrenzung;Bot-Erkennung und Schadensbegrenzung;2;capterra;software;Unkategorisiert
bpm-tools;BPM-Tools;2;capterra;software;Projekte & Zusammenarbeit
brand-management-software;Brand Management Software;1;beide;software;Marketing & SEO
brand-protection-software;Brand Protection Software;1;capterra;software;Marketing & SEO
brausoftware;Brausoftware;1;capterra;software;Unkategorisiert
browser;Browser;3;capterra;software;Unkategorisiert
buchfuehrungsprogramme;Buchführungsprogramme;2;capterra;software;Finanzen & Buchhaltung
buchhaltung-fuer-vereine;Buchhaltung Fuer Vereine;3;omr;software;Branchenloesungen
buchhaltungssoftware;Buchhaltungssoftware;1;beide;software;Finanzen & Buchhaltung
buchhaltungssoftware-fuer-autohaeuser;Buchhaltungssoftware für Autohäuser;1;capterra;software;Finanzen & Buchhaltung
buchhaltungssoftware-fuer-gemeinnuetzige-organisationen;Buchhaltungssoftware für gemeinnützige Organisationen;1;capterra;software;Branchenloesungen
buchhaltungssoftware-fuer-gesundheitswesen;Buchhaltungssoftware für Gesundheitswesen;1;capterra;software;Branchenloesungen
buchhaltungssoftware-fuer-immobilien;Buchhaltungssoftware für Immobilien;1;capterra;software;Branchenloesungen
buchhaltungssoftware-fuer-immobilienverwaltung;Buchhaltungssoftware für Immobilienverwaltung;1;capterra;software;Branchenloesungen
buchhaltungssoftware-fuer-ingenieure-und-techniker;Buchhaltungssoftware für Ingenieure und Techniker;1;capterra;software;Finanzen & Buchhaltung
buchhaltungssoftware-fuer-juristen;Buchhaltungssoftware für Juristen;1;capterra;software;Finanzen & Buchhaltung
buchhaltungssoftware-fuer-projekte;Buchhaltungssoftware für Projekte;1;capterra;software;Finanzen & Buchhaltung
buchhaltungssoftware-fuer-schulen;Buchhaltungssoftware für Schulen;1;capterra;software;Branchenloesungen
buchhaltungssoftware-fuer-speditionen;Buchhaltungssoftware für Speditionen;1;capterra;software;Finanzen & Buchhaltung
buchhaltungssoftware-fuer-vertrieb;Buchhaltungssoftware für Vertrieb;1;capterra;software;Finanzen & Buchhaltung
buchungssysteme;Buchungssysteme;2;capterra;software;Unkategorisiert
budgeting-and-forecasting;Budgeting And Forecasting;3;omr;software;Finanzen & Buchhaltung
budgeting-software;Budgeting Software;1;capterra;software;Finanzen & Buchhaltung
bugtracker;Bugtracker;2;capterra;software;IT, Security & Infrastruktur
business-account;Business Account;3;omr;software;Unkategorisiert
business-intelligence-platforms;Business Intelligence Platforms;2;omr;software;Daten & Analytics
businessplan-software;Businessplan Software;1;beide;software;Unkategorisiert
cad-programme;CAD Programme;2;capterra;software;Design & Kreativ
cafm-software;CAFM Software;1;beide;software;Produktion & Supply Chain
call-accounting-software;Call Accounting Software;1;capterra;software;Finanzen & Buchhaltung
call-center-infrastructure-cci;Call Center Infrastructure Cci;3;omr;software;Kommunikation
call-center-software;Call-Center Software;1;capterra;software;Kommunikation
call-recorder;Call Recorder;3;capterra;software;Kommunikation
call-tracking-software;Call Tracking Software;1;capterra;software;Kommunikation
campingplatz-software;Campingplatz Software;1;capterra;software;Branchenloesungen
cannabis-social-club;Cannabis Social Club;3;omr;software;Unkategorisiert
capa-systeme;CAPA-Systeme;2;capterra;software;Produktion & Supply Chain
carbon-accounting;Carbon Accounting;3;omr;software;Finanzen & Buchhaltung
casb-tools;CASB-Tools;2;capterra;software;IT, Security & Infrastruktur
case-management-software-fuer-kanzleien;Case Management Software für Kanzleien;1;capterra;software;Branchenloesungen
cash-flow-management;Cash Flow Management;2;omr;software;Finanzen & Buchhaltung
catering-software;Catering Software;1;capterra;software;Branchenloesungen
ccm-software;CCM-Software;1;beide;software;Unkategorisiert
cdp-software;CDP-Software;1;capterra;software;Unkategorisiert
cem-software;CEM Software;1;capterra;software;Unkategorisiert
cems-software;CEMS-Software;1;capterra;software;Unkategorisiert
change-management-software;Change-Management-Software;1;capterra;software;Unkategorisiert
channel-management-software;Channel Management Software;1;capterra;software;Unkategorisiert
channel-manager;Channel Manager;2;capterra;software;E-Commerce & Handel
chatbot-software;Chatbot-Software;1;beide;software;Kommunikation
check-in-software;Check-In-Software;1;capterra;software;Unkategorisiert
chemie-software;Chemie Software;1;capterra;software;Branchenloesungen
chiropractic-software;Chiropractic-Software;1;capterra;software;Branchenloesungen
ciam-software;CIAM Software;1;capterra;software;IT, Security & Infrastruktur
clinical-trial-software;Clinical Trial Software;1;capterra;software;Branchenloesungen
cloud-content-collaboration;Cloud Content Collaboration;3;omr;software;Branchenloesungen
cloud-data-security;Cloud Data Security;3;omr;software;Daten & Analytics
cloud-erp;Cloud ERP;2;omr;software;IT, Security & Infrastruktur
cloud-management-software;Cloud Management Software;1;capterra;software;IT, Security & Infrastruktur
cloud-pbx-telefonanlagen;Cloud PBX Telefonanlagen;3;capterra;software;Kommunikation
cloud-security-software;Cloud Security Software;1;beide;software;IT, Security & Infrastruktur
cloud-speicher;Cloud-Speicher;3;capterra;software;IT, Security & Infrastruktur
cloud-web-hosting;Cloud Web Hosting;3;omr;software;IT, Security & Infrastruktur
club-management-software;Club Management Software;1;capterra;software;Unkategorisiert
cma-software-fuer-immobilien;CMA Software für Immobilien;1;capterra;software;Branchenloesungen
cmms-software;CMMS Software;1;beide;software;Produktion & Supply Chain
cms-fuer-den-vertrieb;CMS für den Vertrieb;2;capterra;software;Vertrieb & CRM
coaching-tools;Coaching-Tools;2;capterra;software;Unkategorisiert
collaboration-tools;Collaboration Tools;2;beide;software;Branchenloesungen
community-management;Community Management;2;omr;software;Unkategorisiert
community-software;Community Software;1;capterra;software;Unkategorisiert
competitive-intelligence-tools;Competitive Intelligence Tools;2;capterra;software;Marketing & SEO
compliance-software;Compliance Software;1;capterra;software;IT, Security & Infrastruktur
computer-aided-manufacturing-cam;Computer-Aided Manufacturing (CAM);3;capterra;software;Unkategorisiert
computer-reparatur-software;Computer Reparatur Software;1;capterra;software;Branchenloesungen
computerreservierungssysteme;Computerreservierungssysteme;2;capterra;software;Unkategorisiert
configuration-management-database-cmdb;Configuration Management Database (CMDB);2;capterra;software;Daten & Analytics
configuration-management-tools;Configuration Management Tools;2;capterra;software;Unkategorisiert
consent-management-platform-cmp;Consent Management Platform Cmp;2;omr;software;Unkategorisiert
container-sicherheitssoftware;Container-Sicherheitssoftware;1;capterra;software;IT, Security & Infrastruktur
content-collaboration-tools;Content Collaboration Tools;2;capterra;software;Branchenloesungen
content-creation;Content Creation;3;omr;software;Marketing & SEO
content-delivery-network;Content-Delivery-Network;3;capterra;software;Marketing & SEO
content-management-systeme;Content-Management-Systeme;2;capterra;software;Marketing & SEO
content-management-systems-cms;Content Management Systems CMS;2;omr;software;Marketing & SEO
content-marketing-tools;Content-Marketing-Tools;2;beide;software;Marketing & SEO
content-recommendation;Content Recommendation;3;omr;software;Marketing & SEO
contest-software;Contest Software;1;capterra;software;IT, Security & Infrastruktur
continuous-integration-tools;Continuous-Integration-Tools;2;capterra;software;KI & Automatisierung
contract-analytics;Contract Analytics;3;omr;software;Daten & Analytics
convenience-store-und-ladensoftware;Convenience Store und Ladensoftware;1;capterra;software;Unkategorisiert
conversation-intelligence-software;Conversation-Intelligence-Software;1;beide;software;Unkategorisiert
conversational-intelligence;Conversational Intelligence;3;omr;software;Unkategorisiert
conversational-marketing;Conversational Marketing;3;omr;software;Marketing & SEO
conversational-marketing-plattformen;Conversational Marketing Plattformen;2;capterra;software;Marketing & SEO
conversion-optimization;Conversion Optimization;3;omr;software;Marketing & SEO
conversion-tracking;Conversion Tracking;3;omr;software;Marketing & SEO
core-hr;Core HR;3;omr;software;Personal & HR
corporate-learning-management-systems;Corporate Learning Management Systems;2;omr;software;Lernen & Events
corporate-sustainability-reporting-directive-csrd;Corporate Sustainability Reporting Directive Csrd;3;omr;software;Daten & Analytics
corporate-wellness-software;Corporate Wellness Software;1;beide;software;Personal & HR
cpm-software;CPM Software;1;capterra;software;Unkategorisiert
cpq-software;CPQ Software;1;beide;software;Vertrieb & CRM
creative-management-software;Creative Management Software;1;capterra;software;Design & Kreativ
crm;CRM;2;omr;software;Vertrieb & CRM
crm-beratung;CRM Beratung;2;omr;dienstleister;
crm-software-fuer-banken-und-finanzdienstleister;CRM Software für Banken und Finanzdienstleister;1;capterra;software;Finanzen & Buchhaltung
crm-software-fuer-bauunternehmen;CRM Software für Bauunternehmen;1;capterra;software;Branchenloesungen
crm-software-fuer-das-gesundheitswesen;CRM Software für das Gesundheitswesen;1;capterra;software;Branchenloesungen
crm-software-fuer-immobilienagenturen;CRM Software für Immobilienagenturen;1;capterra;software;Branchenloesungen
crm-software-fuer-kleinunternehmen;CRM Software für Kleinunternehmen;1;capterra;software;Vertrieb & CRM
crm-software-fuer-mac;CRM Software für Mac;1;capterra;software;Vertrieb & CRM
crm-software-fuer-versicherungen;CRM Software für Versicherungen;1;capterra;software;Vertrieb & CRM
crm-systeme;CRM-Systeme;2;capterra;software;Vertrieb & CRM
crm-systeme-fuer-nonprofit-organisationen;CRM-Systeme für Nonprofit-Organisationen;2;beide;software;Branchenloesungen
cross-channel-advertising;Cross Channel Advertising;3;omr;software;Marketing & SEO
crypto-accounting;Crypto Accounting;3;omr;software;Finanzen & Buchhaltung
ctrm-software;CTRM-Software;1;capterra;software;Unkategorisiert
customer-advocacy-software;Customer Advocacy Software;1;capterra;software;Unkategorisiert
customer-data-platforms-cdp;Customer Data Platforms CDP;2;omr;software;Daten & Analytics
customer-engagement-plattform-cep;Customer Engagement Plattform Cep;2;omr;software;Unkategorisiert
customer-journey-analytics;Customer Journey Analytics;3;omr;software;Daten & Analytics
customer-journey-mapping;Customer Journey Mapping;3;omr;software;Unkategorisiert
customer-journey-mapping-tools;Customer Journey Mapping-Tools;2;capterra;software;Unkategorisiert
customer-loyalty-software;Customer-Loyalty-Software;1;capterra;software;Vertrieb & CRM
customer-success-tools;Customer Success Tools;2;beide;software;Unkategorisiert
cyber-security-beratung;Cyber Security Beratung;3;omr;dienstleister;
daas-software;DaaS Software;1;capterra;software;Unkategorisiert
dachdecker-software;Dachdecker Software;1;capterra;software;Branchenloesungen
dam-systeme;DAM Systeme;2;beide;software;Design & Kreativ
darlehensverwaltung-tools;Darlehensverwaltung Tools;2;capterra;software;Unkategorisiert
dashboard-software;Dashboard Software;1;capterra;software;Daten & Analytics
data-analytics-beratung;Data Analytics Beratung;3;omr;dienstleister;
data-cloud;Data Cloud;3;omr;software;Daten & Analytics
data-collection-software;Data Collection Software;1;capterra;software;Daten & Analytics
data-discovery-tools;Data Discovery Tools;2;capterra;software;Daten & Analytics
data-extraction-tools;Data Extraction Tools;2;capterra;software;Daten & Analytics
data-governance-tools;Data Governance Tools;2;beide;software;Daten & Analytics
data-management-platforms;Data-Management-Platforms;2;capterra;software;Daten & Analytics
data-management-platforms-dmp;Data Management Platforms DMP;2;omr;software;Daten & Analytics
data-mining-tools;Data-Mining-Tools;2;capterra;software;Daten & Analytics
data-quality-tools;Data Quality Tools;2;capterra;software;Daten & Analytics
data-storage;Data Storage;3;omr;software;Daten & Analytics
data-warehouse-systeme;Data-Warehouse-Systeme;2;beide;software;Daten & Analytics
datenanalyse-tools;Datenanalyse Tools;2;capterra;software;Daten & Analytics
datenbank-monitoring-software;Datenbank-Monitoring-Software;1;capterra;software;Daten & Analytics
datenbank-software;Datenbank Software;1;capterra;software;Daten & Analytics
datenerfassungssoftware;Datenerfassungssoftware;1;capterra;software;Daten & Analytics
datenkatalog-software;Datenkatalog-Software;1;capterra;software;E-Commerce & Handel
datenmanagement-software;Datenmanagement Software;1;capterra;software;Daten & Analytics
datenschutz-management;Datenschutz Management;2;omr;software;Daten & Analytics
datenschutz-software;Datenschutz-Software;1;capterra;software;Daten & Analytics
datenvisualisierung-tools;Datenvisualisierung Tools;2;beide;software;Daten & Analytics
daw;DAW;3;omr;software;Design & Kreativ
dcim-software;DCIM Software;1;capterra;software;Unkategorisiert
ddos-protection-software;DDoS Protection Software;1;capterra;software;IT, Security & Infrastruktur
debitorenbuchhaltung-software;Debitorenbuchhaltung Software;1;capterra;software;Finanzen & Buchhaltung
deep-learning-software;Deep Learning Software;1;capterra;software;Daten & Analytics
demand-side-platform-dsp;Demand Side Platform (DSP);2;capterra;software;IT, Security & Infrastruktur
demo-software;Demo-Software;1;capterra;software;Unkategorisiert
dental-imaging-software;Dental Imaging Software;1;capterra;software;Branchenloesungen
design;Design;3;omr;software;Design & Kreativ
desk-sharing-software;Desk Sharing Software;1;beide;software;Projekte & Zusammenarbeit
devops-tools;DevOps Tools;2;capterra;software;IT, Security & Infrastruktur
diagramm-software;Diagramm Software;1;capterra;software;Design & Kreativ
diagramming;Diagramming;3;omr;software;Design & Kreativ
dialer-software;Dialer Software;1;capterra;software;Vertrieb & CRM
dialogfaehige-ki-plattformen;Dialogfähige KI-Plattformen;2;capterra;software;KI & Automatisierung
dienstleister-erp;Dienstleister ERP;2;omr;software;Produktion & Supply Chain
dienstplan-software-und-schichtplaner;Dienstplan Software und Schichtplaner;1;beide;software;Personal & HR
digital-accessibility-tools;Digital Accessibility Tools;2;omr;software;Website & Content
digital-adoption-platform-software;Digital Adoption Platform Software;1;capterra;software;Unkategorisiert
digital-business-card;Digital Business Card;3;omr;software;Unkategorisiert
digital-experience-platforms-dxp;Digital Experience Platforms (DXP);2;capterra;software;Website & Content
digital-experience-plattform-dxp;Digital Experience Plattform DXP;2;omr;software;Website & Content
digital-learning-plattform;Digital Learning Plattform;2;omr;software;Lernen & Events
digital-process-automation-dpa;Digital Process Automation Dpa;3;omr;software;KI & Automatisierung
digital-rights-management-drm;Digital Rights Management DRM;2;omr;software;Unkategorisiert
digital-sales-room;Digital Sales Room;3;omr;software;Vertrieb & CRM
digital-shelf-analytics-dsa;Digital Shelf Analytics DSA;3;omr;software;Daten & Analytics
digital-signage-software;Digital Signage Software;1;capterra;software;Website & Content
digital-workplace-software;Digital Workplace Software;1;capterra;software;Unkategorisiert
digitale-klassenbuecher;Digitale Klassenbücher;3;capterra;software;Unkategorisiert
direct-mail-automation-software;Direct Mail Automation Software;1;beide;software;KI & Automatisierung
disaster-recovery-software;Disaster Recovery Software;1;capterra;software;IT, Security & Infrastruktur
display-advertising-tools;Display Advertising Tools;2;capterra;software;Marketing & SEO
diversity-recruiting;Diversity Recruiting;3;omr;software;Personal & HR
dlp-software;DLP-Software;1;capterra;software;IT, Security & Infrastruktur
docketing-software;Docketing Software;1;capterra;software;Unkategorisiert
dokumentenautomatisierung-software;Dokumentenautomatisierung Software;1;capterra;software;KI & Automatisierung
dokumentenerstellung-software;Dokumentenerstellung Software;1;capterra;software;Unkategorisiert
dokumentenlenkung-software;Dokumentenlenkung Software;1;capterra;software;Unkategorisiert
dokumentenmanagement;Dokumentenmanagement;3;omr;software;Projekte & Zusammenarbeit
dokumentenmanagementsysteme;Dokumentenmanagementsysteme;2;capterra;software;Projekte & Zusammenarbeit
domain-registration;Domain Registration;3;omr;software;IT, Security & Infrastruktur
donor-management;Donor Management;2;omr;software;Branchenloesungen
drawing;Drawing;3;omr;software;Design & Kreativ
drehbuch-software;Drehbuch Software;1;capterra;software;Design & Kreativ
drm-software;DRM Software;1;capterra;software;Unkategorisiert
dropshipping-software;Dropshipping Software;1;beide;software;E-Commerce & Handel
druckkalkulation-software;Druckkalkulation Software;1;capterra;software;Finanzen & Buchhaltung
dsgvo-software;DSGVO Software;1;capterra;software;IT, Security & Infrastruktur
e-commerce-analytics;E Commerce Analytics;3;omr;software;E-Commerce & Handel
e-commerce-personalization;E Commerce Personalization;3;omr;software;E-Commerce & Handel
e-commerce-plattformen;E-Commerce Plattformen;2;capterra;software;E-Commerce & Handel
e-commerce-plattformen-shopsysteme;E Commerce Plattformen Shopsysteme;2;omr;software;E-Commerce & Handel
e-commerce-services;E Commerce Services;3;omr;dienstleister;
e-commerce-tools;E Commerce Tools;2;omr;software;E-Commerce & Handel
e-invoice;E Invoice;3;omr;software;Finanzen & Buchhaltung
e-learning-software;E-Learning Software;1;capterra;software;Lernen & Events
e-mail;E Mail;3;omr;software;Unkategorisiert
e-mail-archivierung-software;E-Mail-Archivierung-Software;1;capterra;software;Unkategorisiert
e-mail-deliverability;E Mail Deliverability;3;omr;software;Unkategorisiert
e-mail-marketing-software;E-Mail Marketing Software;1;beide;software;Marketing & SEO
e-mail-programme;E-Mail-Programme;2;capterra;software;Kommunikation
e-mail-sicherheitssoftware;E-Mail-Sicherheitssoftware;1;capterra;software;IT, Security & Infrastruktur
e-mail-signatur-software;E-Mail Signatur Software;1;beide;software;Unkategorisiert
e-mail-tracking-tools;E-Mail-Tracking-Tools;2;capterra;software;Unkategorisiert
e-signature;E Signature;3;omr;software;Unkategorisiert
eam-software;EAM Software;1;capterra;software;Produktion & Supply Chain
ecm-software;ECM Software;1;capterra;software;Unkategorisiert
edc-software;EDC Software;1;capterra;software;Unkategorisiert
edi-software;EDI-Software;1;capterra;software;Unkategorisiert
ediscovery-software;eDiscovery-Software;1;capterra;software;Unkategorisiert
edr-software;EDR Software;1;capterra;software;IT, Security & Infrastruktur
ehr-software-fuer-psychische-gesundheit;EHR-Software für psychische Gesundheit;1;capterra;software;Branchenloesungen
ehs-software;EHS-Software;1;capterra;software;Unkategorisiert
einkauf;Einkauf;3;omr;software;Produktion & Supply Chain
einkauf-software;Einkauf Software;1;capterra;software;Produktion & Supply Chain
einstellungstest-software;Einstellungstest Software;1;capterra;software;Personal & HR
elearning-content;Elearning Content;3;omr;software;Marketing & SEO
electronic-lab-notebooks;Electronic Lab Notebooks;3;capterra;software;Unkategorisiert
elektriker-software;Elektriker Software;1;capterra;software;Branchenloesungen
elektro-zeichenprogramme;Elektro Zeichenprogramme;2;capterra;software;Design & Kreativ
elektronische-gesundheitsakten-fuer-erstversorgung;Elektronische Gesundheitsakten für Erstversorgung;3;capterra;software;Branchenloesungen
elektronische-patientenakte-software-epa;Elektronische Patientenakte Software (ePA);1;capterra;software;Branchenloesungen
elektronische-patientenakten-fuer-drogentherapie;Elektronische Patientenakten für Drogentherapie;3;capterra;software;Branchenloesungen
elektronische-patientenakten-fuer-geburtshilfe-gynaekologie;Elektronische Patientenakten für Geburtshilfe/Gynäkologie;3;capterra;software;Branchenloesungen
elektronische-patientenakten-fuer-hautaerzte;Elektronische Patientenakten für Hautärzte;3;capterra;software;Branchenloesungen
elektronische-patientenakten-fuer-kardiologie;Elektronische Patientenakten für Kardiologie;3;capterra;software;Branchenloesungen
elektronische-patientenakten-fuer-neurologie;Elektronische Patientenakten für Neurologie;3;capterra;software;Branchenloesungen
elektronische-patientenakten-fuer-notfallambulanz;Elektronische Patientenakten für Notfallambulanz;3;capterra;software;Branchenloesungen
elektronische-patientenakten-fuer-ophthalmologie;Elektronische Patientenakten für Ophthalmologie;3;capterra;software;Branchenloesungen
elektronische-patientenakten-fuer-orthopaeden;Elektronische Patientenakten für Orthopäden;3;capterra;software;Branchenloesungen
elektronische-patientenakten-fuer-schmerztherapie;Elektronische Patientenakten für Schmerztherapie;3;capterra;software;Branchenloesungen
elektronische-patientenakten-fuer-urologen;Elektronische Patientenakten für Urologen;3;capterra;software;Branchenloesungen
email-template-builder;Email Template Builder;2;omr;software;Marketing & SEO
email-verification-tools;Email Verification Tools;2;capterra;software;Marketing & SEO
emar-software;eMAR-Software;1;capterra;software;Unkategorisiert
emergency-notification-software;Emergency Notification Software;1;capterra;software;Unkategorisiert
employee-advocacy-tools;Employee Advocacy Tools;2;capterra;software;Personal & HR
employee-benefits;Employee Benefits;3;omr;software;Personal & HR
employee-benefits-software;Employee Benefits Software;1;capterra;software;Personal & HR
employee-communications;Employee Communications;3;omr;software;Personal & HR
employer-branding;Employer Branding;3;omr;software;Marketing & SEO
emr-software-fuer-die-podologie;EMR-Software für die Podologie;1;capterra;software;Branchenloesungen
endpoint-detection-response-edr;Endpoint Detection Response Edr;3;omr;software;IT, Security & Infrastruktur
endpoint-management;Endpoint Management;2;omr;software;IT, Security & Infrastruktur
endpoint-protection-platforms;Endpoint Protection Platforms;2;omr;software;IT, Security & Infrastruktur
endpoint-protection-software;Endpoint Protection Software;1;capterra;software;IT, Security & Infrastruktur
energiemanagement-software;Energiemanagement Software;1;capterra;software;Produktion & Supply Chain
enterprise-architecture-tools;Enterprise Architecture Tools;2;capterra;software;Produktion & Supply Chain
enterprise-content-management-ecm;Enterprise Content Management ECM;2;omr;software;Marketing & SEO
enterprise-information-archiving;Enterprise Information Archiving;3;omr;software;Produktion & Supply Chain
enterprise-legal-management-elm;Enterprise Legal Management ELM;2;omr;software;Produktion & Supply Chain
enterprise-search-loesungen;Enterprise Search Lösungen;3;capterra;software;Marketing & SEO
enterprise-search-software;Enterprise Search Software;1;omr;software;Marketing & SEO
entity-management-software;Entity Management Software;1;beide;software;Unkategorisiert
entscheidungsunterstuetzungssysteme;Entscheidungsunterstützungssysteme;2;capterra;software;Unkategorisiert
environmental-social-and-governance-esg-reporting;Environmental Social And Governance ESG Reporting;3;omr;software;Daten & Analytics
eor-employer-of-record;EOR (Employer of Record);3;capterra;software;Personal & HR
equipment-maintenance-software;Equipment Maintenance Software;1;capterra;software;Unkategorisiert
equity-management-software;Equity Management Software;1;capterra;software;Finanzen & Buchhaltung
ergotherapie-software;Ergotherapie Software;1;capterra;software;Branchenloesungen
erm-software;ERM-Software;1;capterra;software;Unkategorisiert
ermittlungssoftware;Ermittlungssoftware;1;capterra;software;IT, Security & Infrastruktur
ernaehrungsanalyse-software;Ernährungsanalyse Software;1;capterra;software;Daten & Analytics
erp-consultancies;ERP Consultancies;2;omr;dienstleister;
erp-systeme;ERP Systeme;2;capterra;software;Produktion & Supply Chain
erp-systems;ERP Systems;2;omr;software;Produktion & Supply Chain
esb-software;ESB Software;1;capterra;software;Unkategorisiert
esg-software;ESG-Software;1;capterra;software;Produktion & Supply Chain
etiketten-software;Etiketten-Software;1;capterra;software;Produktion & Supply Chain
etl-tools;ETL Tools;2;capterra;software;Daten & Analytics
event-apps;Event-Apps;2;capterra;software;Produktion & Supply Chain
event-management-software;Event Management Software;1;beide;software;Lernen & Events
event-marketing-software;Event Marketing Software;1;capterra;software;Marketing & SEO
event-ticketing-systeme;Event-Ticketing-Systeme;2;capterra;software;Kommunikation
expense-management;Expense Management;2;omr;software;Finanzen & Buchhaltung
experience-management;Experience Management;2;omr;software;Unkategorisiert
fahrschulsoftware;Fahrschulsoftware;1;capterra;software;Branchenloesungen
fahrtenbuch-software;Fahrtenbuch Software;1;capterra;software;Unkategorisiert
faktura-software;Faktura Software;1;capterra;software;Finanzen & Buchhaltung
fakturierungssoftware;Fakturierungssoftware;1;capterra;software;IT, Security & Infrastruktur
fallmanagement-software-fuer-patienten;Fallmanagement Software für Patienten;1;capterra;software;Branchenloesungen
fallmanagement-software-fuer-soziale-arbeit;Fallmanagement Software für Soziale Arbeit;1;capterra;software;KI & Automatisierung
fax-software;Fax Software;1;capterra;software;Kommunikation
fensterbau-fassadenbau-erp;Fensterbau Fassadenbau ERP;2;omr;software;Branchenloesungen
fernwartungssoftware;Fernwartungssoftware;1;capterra;software;IT, Security & Infrastruktur
festival-management-software;Festival-Management Software;1;capterra;software;Lernen & Events
feuerwehr-software;Feuerwehr-Software;1;capterra;software;Branchenloesungen
field-service-management-software;Field Service Management Software;1;capterra;software;Unkategorisiert
filesharing-programme;Filesharing Programme;2;capterra;software;Projekte & Zusammenarbeit
filialen-finder-software;Filialen Finder Software;1;capterra;software;Unkategorisiert
financial-analytics;Financial Analytics;3;omr;software;Daten & Analytics
financial-reporting-software;Financial Reporting Software;1;capterra;software;Daten & Analytics
finanzdienstleister-software;Finanzdienstleister Software;1;capterra;software;Finanzen & Buchhaltung
finanzrisikomanagement-software;Finanzrisikomanagement Software;1;capterra;software;Finanzen & Buchhaltung
finanzverwaltungssoftware;Finanzverwaltungssoftware;1;capterra;software;Finanzen & Buchhaltung
firewall-software;Firewall-Software;1;beide;software;IT, Security & Infrastruktur
firmensekretaer-software;Firmensekretär Software;1;capterra;software;Unkategorisiert
fitnessstudio-software;Fitnessstudio Software;1;capterra;software;Branchenloesungen
fitnessstudio-verwaltungssoftware;Fitnessstudio Verwaltungssoftware;1;capterra;software;Branchenloesungen
flaechen-und-raumverwaltung-software;Flächen und Raumverwaltung Software;1;capterra;software;Unkategorisiert
fleet-tracking;Fleet Tracking;3;omr;software;Produktion & Supply Chain
floristen-software;Floristen Software;1;capterra;software;Branchenloesungen
flowchart-software;Flowchart Software;1;capterra;software;Design & Kreativ
foerdermittelverwaltung-software;Fördermittelverwaltung Software;1;capterra;software;Unkategorisiert
fondsbuchhaltung-software;Fondsbuchhaltung Software;1;capterra;software;Finanzen & Buchhaltung
food-truck-pos-systeme;Food Truck POS Systeme;2;capterra;software;Finanzen & Buchhaltung
formular-generator;Formular Generator;2;capterra;software;Unkategorisiert
forstsoftware;Forstsoftware;1;capterra;software;Branchenloesungen
fotobearbeitungsprogramme;Fotobearbeitungsprogramme;2;beide;software;Design & Kreativ
fotostudio-software;Fotostudio-Software;1;capterra;software;Design & Kreativ
fracht-software;Fracht Software;1;capterra;software;Produktion & Supply Chain
franchise-software;Franchise Software;1;capterra;software;Unkategorisiert
freelance-platforms;Freelance Platforms;2;omr;software;Unkategorisiert
freelance-tax;Freelance Tax;3;omr;software;Unkategorisiert
freiwilligenmanagement-software;Freiwilligenmanagement-Software;1;capterra;software;Unkategorisiert
friedhofssoftware;Friedhofssoftware;1;capterra;software;Branchenloesungen
friseur-software;Friseur Software;1;capterra;software;Branchenloesungen
frontend-management-platforms;Frontend Management Platforms;2;omr;software;Unkategorisiert
fuhrparkmanagement-software;Fuhrparkmanagement Software;1;beide;software;KI & Automatisierung
fuhrparkwartung-software;Fuhrparkwartung Software;1;capterra;software;KI & Automatisierung
fundbuero-software;Fundbüro Software;1;capterra;software;Unkategorisiert
fundraising-software;Fundraising-Software;1;beide;software;Branchenloesungen
funnel-builder;Funnel Builder;2;omr;software;Marketing & SEO
galabau-software;GaLaBau Software;1;capterra;software;Branchenloesungen
game-development-software;Game Development Software;1;capterra;software;Unkategorisiert
gamification-apps;Gamification Apps;2;beide;software;Produktion & Supply Chain
gantt-software;Gantt Software;1;capterra;software;Projekte & Zusammenarbeit
garantie-software;Garantie Software;1;capterra;software;Unkategorisiert
gartenbau-software;Gartenbau Software;1;capterra;software;Branchenloesungen
gartencenter-softwareloesungen;Gartencenter Softwarelösungen;1;capterra;software;Unkategorisiert
gastronomie-software;Gastronomie Software;1;capterra;software;Branchenloesungen
gastronomy;Gastronomy;3;omr;software;Branchenloesungen
gebaeudeinstandhaltung-software;Gebäudeinstandhaltung Software;1;capterra;software;Produktion & Supply Chain
gebaeudemanagement-software-fuer-schulen;Gebäudemanagement-Software für Schulen;1;capterra;software;Branchenloesungen
gefaengnismanagement-software;Gefängnismanagement Software;1;capterra;software;Branchenloesungen
geldwechsel-software;Geldwechsel Software;1;capterra;software;Finanzen & Buchhaltung
genehmigungsmanagement-software;Genehmigungsmanagement Software;1;capterra;software;Unkategorisiert
generative-engine-optimization-geo;Generative Engine Optimization Geo;2;omr;software;KI & Automatisierung
generative-ki-tools;Generative KI-Tools;2;capterra;software;KI & Automatisierung
gesichtserkennung-software;Gesichtserkennung Software;1;capterra;software;Unkategorisiert
gesundheitssoftware;Gesundheitssoftware;1;capterra;software;Branchenloesungen
gis-software;GIS-Software;1;capterra;software;Unkategorisiert
golfplatz-software;Golfplatz Software;1;capterra;software;Branchenloesungen
google-ads-agencies;Google Ads Agencies;3;omr;dienstleister;
gottesdienst-praesentationssoftware;Gottesdienst Präsentationssoftware;1;capterra;software;IT, Security & Infrastruktur
governance-risk-compliance;Governance Risk Compliance;3;omr;software;IT, Security & Infrastruktur
gps-software;GPS-Software;1;capterra;software;Unkategorisiert
grafiksoftware-und-bildbearbeitungsprogramme;Grafiksoftware und Bildbearbeitungsprogramme;1;beide;software;Design & Kreativ
grc-tools;GRC-Tools;2;beide;software;Unkategorisiert
grosshandel-erp;Grosshandel ERP;2;omr;software;Produktion & Supply Chain
grundrissplaner;Grundrissplaner;3;capterra;software;Unkategorisiert
gymnastik-software;Gymnastik Software;1;capterra;software;Unkategorisiert
handwerk-erp;Handwerk ERP;2;omr;software;Branchenloesungen
handwerkersoftware;Handwerkersoftware;1;beide;software;Branchenloesungen
handwerkersoftware-fuer-sicherheitstechnik;Handwerkersoftware für Sicherheitstechnik;1;capterra;software;Branchenloesungen
haushaltsservice-software;Haushaltsservice Software;1;capterra;software;Unkategorisiert
hausmeister-software;Hausmeister Software;1;capterra;software;Unkategorisiert
hausplaner-software;Hausplaner Software;1;capterra;software;Unkategorisiert
hausverwaltungssoftware;Hausverwaltungssoftware;1;capterra;software;Branchenloesungen
hauswartung-software;Hauswartung Software;1;capterra;software;Produktion & Supply Chain
headless-cms;Headless CMS;2;omr;software;Website & Content
headless-cms-tools;Headless-CMS-Tools;2;capterra;software;Website & Content
headless-e-commerce-plattformen;Headless E-Commerce-Plattformen;2;capterra;software;E-Commerce & Handel
heatmap-tools;Heatmap Tools;2;beide;software;Website & Content
hedge-fund-software;Hedge-Fund Software;1;capterra;software;Finanzen & Buchhaltung
help-desk-software;Help-Desk-Software;1;capterra;software;Projekte & Zusammenarbeit
helpdesk;Helpdesk;3;omr;software;Kommunikation
hipaa-compliance-software;HIPAA-Compliance Software;1;capterra;software;IT, Security & Infrastruktur
hobby-und-freizeit-software;Hobby und Freizeit Software;1;capterra;software;Unkategorisiert
hochschulsoftware;Hochschulsoftware;1;capterra;software;Branchenloesungen
home-office-software;Home Office Software;1;capterra;software;Unkategorisiert
hospizsoftware;Hospizsoftware;1;capterra;software;Branchenloesungen
hostel-software;Hostel Software;1;capterra;software;Branchenloesungen
hotelsoftware;Hotelsoftware;1;capterra;software;Branchenloesungen
hr-analytics-software;HR Analytics Software;1;beide;software;Personal & HR
hr-business-partner;HR Business Partner;3;omr;dienstleister;
hr-management;HR Management;2;omr;software;Personal & HR
hr-service-delivery;HR Service Delivery;3;omr;software;Personal & HR
hr-software;HR Software;1;capterra;software;Personal & HR
hr-workflow-management;HR Workflow Management;2;omr;software;Personal & HR
human-resource-management-systems;Human Resource Management Systems;2;omr;software;Unkategorisiert
hundesalon-software;Hundesalon Software;1;capterra;software;Branchenloesungen
hvac-software;HVAC Software;1;capterra;software;Branchenloesungen
hypotheken-software;Hypotheken Software;1;capterra;software;Finanzen & Buchhaltung
iaas-software;IaaS-Software;1;capterra;software;Unkategorisiert
iam-systeme;IAM Systeme;2;capterra;software;IT, Security & Infrastruktur
ide-software;IDE Software;1;capterra;software;IT, Security & Infrastruktur
ideenmanagement-software;Ideenmanagement Software;1;capterra;software;Projekte & Zusammenarbeit
identity-management-systeme;Identity Management Systeme;2;capterra;software;IT, Security & Infrastruktur
imaging-software-datensicherung;Imaging Software (Datensicherung);1;capterra;software;Daten & Analytics
immatrikulationssoftware;Immatrikulationssoftware;1;capterra;software;Branchenloesungen
immobilientransaktion-software;Immobilientransaktion Software;1;capterra;software;Branchenloesungen
immobilienverwaltungssoftware;Immobilienverwaltungssoftware;1;capterra;software;Branchenloesungen
immobilienverwaltungssoftware-fuer-gewerbeobjekte;Immobilienverwaltungssoftware für Gewerbeobjekte;1;capterra;software;Branchenloesungen
impfsoftware;Impfsoftware;1;capterra;software;Branchenloesungen
inbound-call-tracking;Inbound Call Tracking;3;omr;software;Kommunikation
incident-management-tools;Incident-Management-Tools;2;capterra;software;Unkategorisiert
influencer-marketing-agencies;Influencer Marketing Agencies;3;omr;dienstleister;
influencer-plattformen;Influencer Plattformen;2;beide;software;Marketing & SEO
inkasso-software;Inkasso-Software;1;capterra;software;Finanzen & Buchhaltung
innovationsmanagement-software;Innovationsmanagement-Software;1;capterra;software;Projekte & Zusammenarbeit
inside-sales-software;Inside-Sales-Software;1;capterra;software;Vertrieb & CRM
insight-engines;Insight Engines;2;capterra;software;Daten & Analytics
insolvenzsoftware;Insolvenzsoftware;1;capterra;software;Branchenloesungen
inspektionssoftware;Inspektionssoftware;1;capterra;software;IT, Security & Infrastruktur
installment-payment-and-buy-now-pay-later-bnpl;Installment Payment And Buy Now Pay Later Bnpl;3;omr;software;Finanzen & Buchhaltung
instandhaltungssoftware;Instandhaltungssoftware;1;capterra;software;IT, Security & Infrastruktur
instant-messaging;Instant Messaging;3;omr;software;Kommunikation
integration-brokerage;Integration Brokerage;3;omr;software;KI & Automatisierung
integrationssoftware;Integrationssoftware;1;capterra;software;KI & Automatisierung
integrierte-analysesoftware;Integrierte Analysesoftware;1;capterra;software;Daten & Analytics
intelligent-document-processing-idp;Intelligent Document Processing IDP;3;omr;software;Unkategorisiert
interne-kommunikation-tools;Interne Kommunikation Tools;2;capterra;software;Unkategorisiert
intranet-software;Intranet Software;1;capterra;software;Projekte & Zusammenarbeit
inventarisierungssoftware;Inventarisierungssoftware;1;capterra;software;IT, Security & Infrastruktur
inventarisierungssoftware-fuer-medizinprodukte;Inventarisierungssoftware für Medizinprodukte;1;capterra;software;Branchenloesungen
invoice-management;Invoice Management;2;omr;software;Finanzen & Buchhaltung
iot-analytics-software;IoT-Analytics-Software;1;capterra;software;Daten & Analytics
iot-plattformen;IoT Plattformen;2;capterra;software;Unkategorisiert
ipaas-software;iPaaS Software;1;beide;software;KI & Automatisierung
ipad-kassensysteme;iPad Kassensysteme;2;capterra;software;Finanzen & Buchhaltung
issue-tracking-software;Issue Tracking Software;1;capterra;software;IT, Security & Infrastruktur
it-asset-management-software;IT Asset Management Software;1;beide;software;IT, Security & Infrastruktur
it-dienstleister-erp;It Dienstleister ERP;2;omr;software;Produktion & Supply Chain
it-dokumentationssoftware;IT-Dokumentationssoftware;1;capterra;software;IT, Security & Infrastruktur
it-management-software;IT-Management-Software;1;capterra;software;Unkategorisiert
it-projektmanagement-software;IT-Projektmanagement Software;1;capterra;software;Projekte & Zusammenarbeit
it-risk-management;It Risk Management;2;omr;software;IT, Security & Infrastruktur
it-server-und-netzwerk-tools;IT-, Server- und Netzwerk Tools;2;capterra;software;IT, Security & Infrastruktur
it-service-management-itsm;It Service Management ITSM;2;omr;software;IT, Security & Infrastruktur
it-service-software;IT-Service-Software;1;capterra;software;IT, Security & Infrastruktur
it-services;It Services;3;omr;dienstleister;
it-ticketsysteme;IT Ticketsysteme;2;capterra;software;Kommunikation
itdr-software;ITDR-Software;1;capterra;software;Unkategorisiert
itsm-tools;ITSM Tools;2;capterra;software;IT, Security & Infrastruktur
ivr-software;IVR Software;1;capterra;software;Unkategorisiert
iwms-software;IWMS Software;1;capterra;software;Produktion & Supply Chain
java-cms-software;Java CMS Software;1;capterra;software;Branchenloesungen
jobboerse-software;Jobbörse Software;1;capterra;software;Personal & HR
juristische-software;Juristische Software;1;capterra;software;Branchenloesungen
juwelier-software;Juwelier-Software;1;capterra;software;Branchenloesungen
kalender-software;Kalender Software;1;beide;software;Projekte & Zusammenarbeit
kalibriersoftware;Kalibriersoftware;1;capterra;software;Produktion & Supply Chain
kalkulationssoftware;Kalkulationssoftware;1;capterra;software;Finanzen & Buchhaltung
kalkulationssoftware-fuer-erdarbeiten;Kalkulationssoftware für Erdarbeiten;1;capterra;software;Finanzen & Buchhaltung
kampagnen-software-fuer-politische-kampagnen;Kampagnen-Software für politische Kampagnen;1;capterra;software;Marketing & SEO
kampagnenmanagement-tools;Kampagnenmanagement Tools;2;capterra;software;Marketing & SEO
kanban-tools;Kanban Tools;2;capterra;software;Projekte & Zusammenarbeit
kanzleisoftware;Kanzleisoftware;1;beide;software;Branchenloesungen
kapazitaetsplanung-software;Kapazitätsplanung Software;1;capterra;software;Unkategorisiert
karrieremanagement-software;Karrieremanagement-Software;1;capterra;software;Personal & HR
kassensysteme;Kassensysteme;2;beide;software;Finanzen & Buchhaltung
kassensysteme-fuer-bars;Kassensysteme für Bars;2;capterra;software;Finanzen & Buchhaltung
kassensysteme-fuer-einzelhandel;Kassensysteme für Einzelhandel;2;capterra;software;Finanzen & Buchhaltung
kassensysteme-fuer-gastronomie;Kassensysteme für Gastronomie;2;capterra;software;Branchenloesungen
kassensysteme-fuer-spirituosengeschaefte;Kassensysteme für Spirituosengeschäfte;2;capterra;software;Finanzen & Buchhaltung
katalogsoftware;Katalogsoftware;1;capterra;software;E-Commerce & Handel
keyword;Keyword;3;omr;software;Marketing & SEO
keyword-mapping;Keyword Mapping;3;omr;software;Marketing & SEO
keyword-monitoring;Keyword Monitoring;3;omr;software;Marketing & SEO
keyword-rank-tracking;Keyword Rank Tracking;3;omr;software;Marketing & SEO
keyword-research;Keyword Research;3;omr;software;Marketing & SEO
kfz-reparatur-software;KFZ Reparatur Software;1;capterra;software;Branchenloesungen
kfz-werkstatt-software;KFZ Werkstatt Software;1;capterra;software;Branchenloesungen
ki-beratung;KI Beratung;3;omr;dienstleister;
ki-bild-generatoren;KI-Bild-Generatoren;2;beide;software;Design & Kreativ
ki-code-generatoren;KI-Code-Generatoren;2;capterra;software;KI & Automatisierung
ki-erkennungssoftware;KI-Erkennungssoftware;1;capterra;software;KI & Automatisierung
ki-marketing-tools;KI-Marketing-Tools;2;capterra;software;Marketing & SEO
ki-schreibassistenten;KI-Schreibassistenten;3;beide;software;KI & Automatisierung
ki-text-generator;KI Text Generator;2;omr;software;KI & Automatisierung
ki-tools;KI Tools;2;capterra;software;KI & Automatisierung
ki-video-generatoren;KI-Video-Generatoren;2;capterra;software;Design & Kreativ
kiosk-apps-fuer-android;Kiosk Apps für Android;2;capterra;software;Produktion & Supply Chain
kiosksysteme;Kiosksysteme;2;capterra;software;Unkategorisiert
kiosksysteme-fuer-ipad;Kiosksysteme für iPad;2;capterra;software;Unkategorisiert
kirchenbuchhaltung-software;Kirchenbuchhaltung Software;1;capterra;software;Branchenloesungen
kirchensoftware;Kirchensoftware;1;capterra;software;Branchenloesungen
kita-software;KiTa Software;1;capterra;software;Branchenloesungen
klassenraum-management-software;Klassenraum Management Software;1;capterra;software;Lernen & Events
klickbetrug-software;Klickbetrug Software;1;capterra;software;Unkategorisiert
kms-software;KMS Software;1;capterra;software;Unkategorisiert
kommunikationsplattformen;Kommunikationsplattformen;2;capterra;software;Unkategorisiert
kommunikationstools-fuer-teams;Kommunikationstools für Teams;2;capterra;software;Unkategorisiert
kompensationsmanagement-software;Kompensationsmanagement Software;1;capterra;software;Personal & HR
konferenz-software;Konferenz Software;1;capterra;software;Kommunikation
konsignationslager-software;Konsignationslager Software;1;capterra;software;Produktion & Supply Chain
kontaktcenter-software;Kontaktcenter-Software;1;capterra;software;Kommunikation
kontaktmanagement-software;Kontaktmanagement Software;1;capterra;software;Unkategorisiert
kontraktlogistik-software-3pl;Kontraktlogistik Software (3PL);1;capterra;software;Produktion & Supply Chain
korrektursoftware;Korrektursoftware;1;capterra;software;Unkategorisiert
kpi-software;KPI-Software;1;capterra;software;Daten & Analytics
kraftstoffmanagement-software;Kraftstoffmanagement Software;1;capterra;software;Unkategorisiert
krankenhausinformationssysteme;Krankenhausinformationssysteme;2;capterra;software;Branchenloesungen
kreditsoftware;Kreditsoftware;1;capterra;software;Finanzen & Buchhaltung
kreditvergabesoftware;Kreditvergabesoftware;1;capterra;software;Finanzen & Buchhaltung
kundenbindung-software;Kundenbindung-Software;1;capterra;software;Vertrieb & CRM
kundenengagement-software;Kundenengagement Software;1;capterra;software;Vertrieb & CRM
kundenservice-software;Kundenservice Software;1;beide;software;Kommunikation
kundensupport-software;Kundensupport Software;1;capterra;software;Kommunikation
kundenzufriedenheit-software;Kundenzufriedenheit Software;1;capterra;software;Vertrieb & CRM
kunststoffverarbeitung-erp;Kunststoffverarbeitung ERP;2;omr;software;Produktion & Supply Chain
kunstverwaltung-software;Kunstverwaltung Software;1;capterra;software;Unkategorisiert
kurier-software;Kurier Software;1;capterra;software;Unkategorisiert
kyc-software;KYC-Software;1;capterra;software;Unkategorisiert
laborinformationssysteme-lis;Laborinformationssysteme (LIS);2;capterra;software;Branchenloesungen
laborsoftware-fuer-medizin;Laborsoftware für Medizin;1;capterra;software;Branchenloesungen
lager-logistik-erp;Lager Logistik ERP;2;omr;software;Produktion & Supply Chain
lagerverwaltungssoftware;Lagerverwaltungssoftware;1;beide;software;IT, Security & Infrastruktur
landing-page-builders;Landing Page Builders;2;omr;software;Marketing & SEO
landing-page-software;Landing Page Software;1;capterra;software;Marketing & SEO
landmanagement-software;Landmanagement Software;1;capterra;software;Unkategorisiert
lasttest-tools;Lasttest-Tools;2;capterra;software;IT, Security & Infrastruktur
lastverteilungsplan-software;Lastverteilungsplan Software;1;capterra;software;Unkategorisiert
lead-capture-tools;Lead Capture Tools;2;beide;software;Vertrieb & CRM
lead-generation-tools;Lead Generation Tools;2;beide;software;Vertrieb & CRM
lead-intelligence;Lead Intelligence;3;omr;software;Vertrieb & CRM
lead-management-software;Lead-Management-Software;1;capterra;software;Vertrieb & CRM
lead-nurturing-software;Lead Nurturing Software;1;capterra;software;Vertrieb & CRM
learning-experience-platforms-lxp;Learning Experience Platforms LXP;2;omr;software;Lernen & Events
learning-experience-plattformen;Learning Experience Plattformen;2;capterra;software;Lernen & Events
learning-management-systems;Learning Management Systems;2;omr;software;Lernen & Events
lebensmittel-rueckverfolgbarkeit-software;Lebensmittel-Rückverfolgbarkeit Software;1;capterra;software;Branchenloesungen
lebensmittelhandel-software;Lebensmittelhandel Software;1;capterra;software;Branchenloesungen
lebensmittelindustrie-erp;Lebensmittelindustrie ERP;2;omr;software;Branchenloesungen
lebensmittelverwaltung-software;Lebensmittelverwaltung Software;1;capterra;software;Branchenloesungen
legal-document-management-software;Legal-Document-Management-Software;1;beide;software;Unkategorisiert
lehrer-software;Lehrer Software;1;capterra;software;Branchenloesungen
lernplattformen;Lernplattformen;2;capterra;software;Lernen & Events
lernplattformen-fuer-das-gastgewerbe;Lernplattformen für das Gastgewerbe;2;capterra;software;Marketing & SEO
lernplattformen-fuer-gesundheitswesen;Lernplattformen für Gesundheitswesen;2;capterra;software;Branchenloesungen
lieferkettensorgfaltspflichtengesetz-csddd;Lieferkettensorgfaltspflichtengesetz Csddd;3;omr;software;Unkategorisiert
lieferservice-software-food-delivery;Lieferservice Software (Food Delivery);1;capterra;software;Unkategorisiert
liefersoftware;Liefersoftware;1;capterra;software;Unkategorisiert
lims-systeme;LIMS Systeme;2;capterra;software;Unkategorisiert
link-verkuerzer;Link-Verkürzer;3;capterra;software;Marketing & SEO
linkbuilding;Linkbuilding;3;omr;software;Marketing & SEO
linkedin-automation;Linkedin Automation;3;omr;software;Marketing & SEO
live-chat-software;Live-Chat Software;1;beide;software;Kommunikation
live-stream;Live Stream;3;omr;software;Kommunikation
lizenzmanagement-software;Lizenzmanagement Software;1;capterra;software;Unkategorisiert
local-marketing;Local Marketing;3;omr;software;Marketing & SEO
local-seo;Local SEO;2;omr;software;Marketing & SEO
local-seo-tools;Local SEO Tools;2;capterra;software;Marketing & SEO
location-intelligence-software;Location Intelligence Software;1;capterra;software;Unkategorisiert
log-management-software;Log Management Software;1;capterra;software;IT, Security & Infrastruktur
logfile-analyse-tools;Logfile Analyse Tools;2;capterra;software;Daten & Analytics
logistics-intelligence;Logistics Intelligence;3;omr;software;Unkategorisiert
logistik-software;Logistik Software;1;capterra;software;Produktion & Supply Chain
logopaedie-software-fuer-die-sprachtherapie;Logopädie Software für die Sprachtherapie;1;capterra;software;Branchenloesungen
lohnabrechnungsprogramme;Lohnabrechnungsprogramme;2;beide;software;Finanzen & Buchhaltung
lohnprogramme-fuer-mehrere-laender;Lohnprogramme für mehrere Länder;2;capterra;software;Finanzen & Buchhaltung
lokalisierungssoftware;Lokalisierungssoftware;1;capterra;software;KI & Automatisierung
low-code-plattformen;Low Code Plattformen;2;capterra;software;KI & Automatisierung
loyalty-management;Loyalty Management;2;omr;software;Vertrieb & CRM
luftfahrt-software;Luftfahrt Software;1;capterra;software;Branchenloesungen
machine-learning-software;Machine Learning Software;1;beide;software;Daten & Analytics
maengelprotokoll-software;Mängelprotokoll-Software;1;capterra;software;Unkategorisiert
maklersoftware;Maklersoftware;1;capterra;software;Branchenloesungen
managed-hosting;Managed Hosting;3;omr;software;IT, Security & Infrastruktur
marina-software;Marina Software;1;capterra;software;Branchenloesungen
market-intelligence;Market Intelligence;3;omr;software;Unkategorisiert
marketing-analyse-tools;Marketing Analyse Tools;2;beide;software;Marketing & SEO
marketing-attribution-software;Marketing Attribution Software;1;beide;software;Marketing & SEO
marketing-automation-tools;Marketing Automation Tools;2;beide;software;Marketing & SEO
marketing-operations-platforms;Marketing Operations Platforms;2;omr;software;Marketing & SEO
marketing-planning-tool;Marketing Planning Tool;2;capterra;software;Marketing & SEO
marketing-platforms;Marketing Platforms;2;omr;software;Marketing & SEO
marketing-resource-management;Marketing Resource Management;2;omr;software;Marketing & SEO
marktforschung-software;Marktforschung Software;1;capterra;software;Marketing & SEO
marktplatz;Marktplatz;3;omr;software;E-Commerce & Handel
marktplatz-software;Marktplatz Software;1;capterra;software;E-Commerce & Handel
martial-arts-software;Martial Arts Software;1;capterra;software;Unkategorisiert
maschinenbau-anlagenbau-erp;Maschinenbau Anlagenbau ERP;2;omr;software;Branchenloesungen
maschinenplanung-software;Maschinenplanung Software;1;capterra;software;Unkategorisiert
massage-software;Massage Software;1;capterra;software;Branchenloesungen
mdm-software;MDM Software;1;capterra;software;IT, Security & Infrastruktur
media-monitoring;Media Monitoring;3;omr;software;Marketing & SEO
medical-transcription-software;Medical Transcription Software;1;capterra;software;Unkategorisiert
medizinische-credentialing-software;Medizinische Credentialing Software;1;capterra;software;Branchenloesungen
medizintechnik-erp;Medizintechnik ERP;2;omr;software;Branchenloesungen
meeting-management;Meeting Management;2;omr;software;Projekte & Zusammenarbeit
meeting-software;Meeting Software;1;capterra;software;Projekte & Zusammenarbeit
mengenermittlung-software-bau;Mengenermittlung Software (Bau);1;capterra;software;Branchenloesungen
mentoring-software;Mentoring Software;1;beide;software;Personal & HR
mes-systeme;MES Systeme;2;capterra;software;Produktion & Supply Chain
metadatenmanagement-software;Metadatenmanagement-Software;1;capterra;software;Daten & Analytics
metallbau-software;Metallbau Software;1;capterra;software;Branchenloesungen
microlearning-software;Microlearning Software;1;capterra;software;Lernen & Events
mietverwaltung-software;Mietverwaltung-Software;1;capterra;software;Branchenloesungen
mindmap-tools;Mindmap-Tools;2;beide;software;Projekte & Zusammenarbeit
mitarbeiter-engagement-software;Mitarbeiter Engagement Software;1;beide;software;Personal & HR
mitarbeiteranerkennung-software;Mitarbeiteranerkennung Software;1;capterra;software;Personal & HR
mitarbeiterkommunikation-tools;Mitarbeiterkommunikation Tools;2;capterra;software;Personal & HR
mitarbeiterueberwachung-software;Mitarbeiterüberwachung Software;1;capterra;software;Personal & HR
mitgliederverwaltung-software;Mitgliederverwaltung Software;1;capterra;software;Unkategorisiert
mlm-software;MLM-Software;1;capterra;software;Unkategorisiert
mobile-analytics-software;Mobile Analytics Software;1;capterra;software;Daten & Analytics
mobile-cms;Mobile CMS;2;capterra;software;Website & Content
mobile-development-platforms;Mobile Development Platforms;2;omr;software;Unkategorisiert
mobile-device-management-mdm;Mobile Device Management MDM;2;omr;software;IT, Security & Infrastruktur
mobile-kreditkartenverarbeitungssoftware;Mobile Kreditkartenverarbeitungssoftware;1;capterra;software;Finanzen & Buchhaltung
mobile-learning-systeme;Mobile Learning Systeme;2;capterra;software;Lernen & Events
mobile-marketing-software;Mobile Marketing Software;1;beide;software;Marketing & SEO
mobile-wallet-service;Mobile Wallet Service;3;omr;software;Finanzen & Buchhaltung
modedesign-programm;Modedesign Programm;2;capterra;software;Design & Kreativ
motel-software;Motel-Software;1;capterra;software;Branchenloesungen
mrm-software;MRM Software;1;capterra;software;Unkategorisiert
mrp-systeme;MRP Systeme;2;capterra;software;Produktion & Supply Chain
msp-software;MSP Software;1;capterra;software;IT, Security & Infrastruktur
multi-channel-ecommerce-software;Multi-Channel eCommerce Software;1;capterra;software;E-Commerce & Handel
multichannel-retail;Multichannel Retail;3;omr;software;E-Commerce & Handel
museumssoftware;Museumssoftware;1;capterra;software;Branchenloesungen
musikschulsoftware;Musikschulsoftware;1;capterra;software;Branchenloesungen
nac-software;NAC Software;1;capterra;software;IT, Security & Infrastruktur
nachfolgeplanung-software;Nachfolgeplanung Software;1;capterra;software;Personal & HR
nachhaltigkeitssoftware;Nachhaltigkeitssoftware;1;capterra;software;IT, Security & Infrastruktur
natural-language-processing-nlp-tools;Natural Language Processing (NLP) Tools;2;capterra;software;Daten & Analytics
natural-language-understanding-nlu;Natural Language Understanding Nlu;3;omr;software;Unkategorisiert
network-mapping-tools;Network Mapping Tools;2;capterra;software;IT, Security & Infrastruktur
netzwerk-monitoring-tools;Netzwerk Monitoring Tools;2;capterra;software;IT, Security & Infrastruktur
netzwerkanalyse-tool;Netzwerkanalyse Tool;2;capterra;software;Daten & Analytics
netzwerkmanagement-software;Netzwerkmanagement-Software;1;capterra;software;IT, Security & Infrastruktur
netzwerksicherheit-software;Netzwerksicherheit Software;1;beide;software;IT, Security & Infrastruktur
no-code-development-platform;No Code Development Platform;2;omr;software;KI & Automatisierung
no-code-tools;No-Code Tools;2;capterra;software;KI & Automatisierung
nosql-databases-software;NoSQL-Databases-Software;1;capterra;software;Daten & Analytics
notizprogramme;Notizprogramme;2;capterra;software;Projekte & Zusammenarbeit
npo-software;NPO Software;1;capterra;software;Branchenloesungen
nps-software;NPS-Software;1;capterra;software;Unkategorisiert
objektschutz-software;Objektschutz Software;1;capterra;software;Unkategorisiert
observability-tools;Observability-Tools;2;capterra;software;IT, Security & Infrastruktur
ocr-software;OCR-Software;1;capterra;software;Daten & Analytics
oee-software;OEE Software;1;capterra;software;Unkategorisiert
oel-und-gas-software;Öl- und Gas-Software;1;capterra;software;Branchenloesungen
office-suites;Office Suites;2;omr;software;Unkategorisiert
okr-tools;OKR-Tools;2;beide;software;Projekte & Zusammenarbeit
onboarding-tools;Onboarding Tools;2;beide;software;Personal & HR
online-banking-software;Online-Banking-Software;1;capterra;software;Finanzen & Buchhaltung
online-bestellsystem;Online Bestellsystem;2;capterra;software;E-Commerce & Handel
online-crm-systeme;Online CRM Systeme;2;capterra;software;Vertrieb & CRM
online-marketing-services;Online Marketing Services;3;omr;dienstleister;
online-meeting-tools;Online Meeting Tools;2;capterra;software;Projekte & Zusammenarbeit
online-proofing-tools;Online-Proofing-Tools;2;beide;software;Unkategorisiert
online-reputation-management;Online Reputation Management;2;omr;software;Marketing & SEO
online-reputation-management-tools;Online Reputation Management Tools;2;capterra;software;Marketing & SEO
online-verkaufsplattform;Online Verkaufsplattform;2;omr;software;Unkategorisiert
onlineshop-buchhaltung;Onlineshop Buchhaltung;3;omr;software;Finanzen & Buchhaltung
onlineshop-software-fuer-kleine-unternehmen;Onlineshop Software für kleine Unternehmen;1;capterra;software;E-Commerce & Handel
onpage;Onpage;3;omr;software;Marketing & SEO
onsite-search;Onsite Search;3;omr;software;Marketing & SEO
optical-character-recognition-ocr;Optical Character Recognition OCR;2;omr;software;Daten & Analytics
optiker-software;Optiker Software;1;capterra;software;Branchenloesungen
ordnungsamt-software;Ordnungsamt Software;1;capterra;software;Branchenloesungen
organigramm;Organigramm;3;omr;software;Unkategorisiert
organigramm-software;Organigramm Software;1;capterra;software;Unkategorisiert
other-conversion-optimization;Other Conversion Optimization;3;omr;software;Marketing & SEO
other-finance-und-accounting-software;Other Finance und Accounting Software;1;capterra;software;Finanzen & Buchhaltung
p2c;P2c;3;omr;software;Unkategorisiert
paas-software;PaaS Software;1;capterra;software;Unkategorisiert
pacs-systeme;PACS Systeme;2;capterra;software;Unkategorisiert
paediatrie-software;Pädiatrie-Software;1;capterra;software;Branchenloesungen
pagespeed;Pagespeed;3;omr;software;Marketing & SEO
pam-software;PAM Software;1;capterra;software;IT, Security & Infrastruktur
parkplatz-software;Parkplatz Software;1;capterra;software;Unkategorisiert
partnermanagement-software;Partnermanagement-Software;1;beide;software;Unkategorisiert
passwort-manager;Passwort Manager;2;capterra;software;IT, Security & Infrastruktur
passwortmanagement;Passwortmanagement;3;omr;software;IT, Security & Infrastruktur
patch-management-software;Patch-Management-Software;1;capterra;software;IT, Security & Infrastruktur
patentverwaltungssoftware;Patentverwaltungssoftware;1;capterra;software;Branchenloesungen
patientenbindung-software;Patientenbindung Software;1;capterra;software;Branchenloesungen
patientenmanagement-software;Patientenmanagement Software;1;capterra;software;Branchenloesungen
patientenportale;Patientenportale;3;capterra;software;Branchenloesungen
payment;Payment;3;omr;software;Finanzen & Buchhaltung
payment-method;Payment Method;3;omr;software;Finanzen & Buchhaltung
pc-backup;Pc Backup;3;omr;software;IT, Security & Infrastruktur
pc-sicherheitsprogramme;PC Sicherheitsprogramme;2;capterra;software;IT, Security & Infrastruktur
pci-compliance-tools;PCI Compliance Tools;2;capterra;software;IT, Security & Infrastruktur
pdf-editor;PDF-Editor;2;beide;software;Unkategorisiert
pdf-tools;PDF-Tools;2;capterra;software;Unkategorisiert
pdm-systeme;PDM Systeme;2;capterra;software;E-Commerce & Handel
penetration-testing-tools;Penetration-Testing-Tools;2;capterra;software;IT, Security & Infrastruktur
peo-software;PEO Software;1;capterra;software;Personal & HR
performance-management-systeme;Performance-Management-Systeme;2;capterra;software;Unkategorisiert
performance-marketing-agenturen;Performance Marketing Agenturen;3;omr;dienstleister;
personal-trainer-software;Personal Trainer Software;1;capterra;software;Personal & HR
personalabrechnungssoftware;Personalabrechnungssoftware;1;capterra;software;Finanzen & Buchhaltung
personaleinsatzplanung-software;Personaleinsatzplanung Software;1;beide;software;Personal & HR
personalisierungssoftware;Personalisierungssoftware;1;capterra;software;Personal & HR
pfandhaus-software;Pfandhaus Software;1;capterra;software;Branchenloesungen
pflegeheim-software;Pflegeheim Software;1;capterra;software;Branchenloesungen
pflegeplanungssoftware;Pflegeplanungssoftware;1;capterra;software;Branchenloesungen
pflegesoftware;Pflegesoftware;1;capterra;software;Branchenloesungen
pharma-erp;Pharma ERP;2;omr;software;Branchenloesungen
photo-management;Photo Management;2;omr;software;Design & Kreativ
physiotherapie-software;Physiotherapie Software;1;capterra;software;Branchenloesungen
pilates-studio-software;Pilates Studio Software;1;capterra;software;Branchenloesungen
pim-systeme;PIM-Systeme;2;capterra;software;E-Commerce & Handel
plagiatssoftware;Plagiatssoftware;1;capterra;software;IT, Security & Infrastruktur
planungssoftware;Planungssoftware;1;capterra;software;IT, Security & Infrastruktur
plm-software;PLM-Software;1;capterra;software;Unkategorisiert
podcast;Podcast;3;omr;software;Unkategorisiert
podcast-plattformen;Podcast Plattformen;2;capterra;software;Unkategorisiert
podologie-software;Podologie Software;1;capterra;software;Branchenloesungen
policy-management-software;Policy Management Software;1;beide;software;IT, Security & Infrastruktur
polizei-software;Polizei-Software;1;capterra;software;Branchenloesungen
pool-software;Pool Software;1;capterra;software;Unkategorisiert
portal-software;Portal-Software;1;capterra;software;Website & Content
postverwaltung-software;Postverwaltung Software;1;capterra;software;Finanzen & Buchhaltung
ppc-tools;PPC-Tools;2;capterra;software;Marketing & SEO
ppm-software;PPM-Software;1;capterra;software;Projekte & Zusammenarbeit
pps-systeme;PPS-Systeme;2;capterra;software;Produktion & Supply Chain
pps-systeme-fuer-chemische-industrie;PPS-Systeme für chemische Industrie;2;capterra;software;Produktion & Supply Chain
pps-systeme-fuer-luft-und-raumfahrt;PPS-Systeme für Luft- und Raumfahrt;2;capterra;software;IT, Security & Infrastruktur
pr-tools;PR-Tools;2;capterra;software;Marketing & SEO
praesentationssoftware;Präsentationssoftware;1;beide;software;IT, Security & Infrastruktur
praxissoftware-fuer-dermatologen;Praxissoftware für Dermatologen;1;capterra;software;Branchenloesungen
praxissoftware-fuer-psychotherapie;Praxissoftware für Psychotherapie;1;capterra;software;Branchenloesungen
praxissoftware-und-arztsoftware;Praxissoftware und Arztsoftware;1;capterra;software;Branchenloesungen
predictive-analytics-tools;Predictive Analytics Tools;2;beide;software;Daten & Analytics
predictive-dialer;Predictive Dialer;3;capterra;software;Vertrieb & CRM
predictive-lead-scoring-software;Predictive Lead Scoring Software;1;capterra;software;Vertrieb & CRM
press-release-distribution;Press Release Distribution;3;omr;software;Marketing & SEO
pricing;Pricing;3;omr;software;E-Commerce & Handel
pricing-tools;Pricing Tools;2;capterra;software;E-Commerce & Handel
print-management-software;Print Management Software;1;capterra;software;Unkategorisiert
print-marketing;Print Marketing;3;omr;software;Marketing & SEO
print-on-demand;Print On Demand;3;omr;software;E-Commerce & Handel
private-affiliate-networks;Private Affiliate Networks;3;omr;software;Marketing & SEO
process-mining;Process Mining;3;omr;software;Daten & Analytics
proctoring-software;Proctoring Software;1;capterra;software;Lernen & Events
procure-to-pay-software;Procure-to-Pay Software;1;capterra;software;Produktion & Supply Chain
procurement-software;Procurement Software;1;capterra;software;Produktion & Supply Chain
product-data-management-pdm;Product Data Management PDM;2;omr;software;E-Commerce & Handel
product-feed-management;Product Feed Management;2;omr;software;E-Commerce & Handel
product-information-management-pim;Product Information Management PIM;2;omr;software;E-Commerce & Handel
product-roadmap-tools;Product Roadmap Tools;2;capterra;software;Unkategorisiert
produktanalyse-software;Produktanalyse-Software;1;beide;software;Daten & Analytics
produktion-fertigung-erp;Produktion Fertigung ERP;2;omr;software;Produktion & Supply Chain
produktionsplanung-software;Produktionsplanung Software;1;capterra;software;Produktion & Supply Chain
produktivitaetssoftware;Produktivitätssoftware;1;capterra;software;IT, Security & Infrastruktur
produktkonfigurator-software;Produktkonfigurator Software;1;capterra;software;Unkategorisiert
produktmanagement-software;Produktmanagement Software;1;beide;software;Unkategorisiert
programmiersoftware;Programmiersoftware;1;capterra;software;IT, Security & Infrastruktur
project-collaboration;Project Collaboration;3;omr;software;Branchenloesungen
project-time-tracking;Project Time Tracking;3;omr;software;Unkategorisiert
projektmanagement-tools;Projektmanagement Tools;2;beide;software;Projekte & Zusammenarbeit
projektmanagement-tools-fuer-gemeinnuetzige-organisationen;Projektmanagement Tools für gemeinnützige Organisationen;2;capterra;software;Branchenloesungen
projektplanungssoftware;Projektplanungssoftware;1;capterra;software;Projekte & Zusammenarbeit
projekttracking-software;Projekttracking Software;1;capterra;software;Projekte & Zusammenarbeit
prototyping-tools;Prototyping Tools;2;capterra;software;Design & Kreativ
provisionssoftware;Provisionssoftware;1;capterra;software;Vertrieb & CRM
prozessmanagement;Prozessmanagement;3;omr;software;Projekte & Zusammenarbeit
pruefungssoftware;Prüfungssoftware;1;capterra;software;IT, Security & Infrastruktur
psa-software;PSA-Software;1;capterra;software;Projekte & Zusammenarbeit
public-affiliate-networks;Public Affiliate Networks;3;omr;software;Marketing & SEO
public-relations-pr;Public Relations PR;3;omr;software;Marketing & SEO
public-transportation-software;Public Transportation Software;1;capterra;software;Produktion & Supply Chain
publisher-ad-management;Publisher Ad Management;2;omr;software;Unkategorisiert
push-notification;Push Notification;3;omr;software;Marketing & SEO
push-notification-software;Push Notification Software;1;capterra;software;Marketing & SEO
qm-software;QM Software;1;capterra;software;Produktion & Supply Chain
qr-code-generator;QR Code Generator;2;beide;software;IT, Security & Infrastruktur
qualitative-datenanalyse-software;Qualitative Datenanalyse Software;1;capterra;software;Daten & Analytics
radiologie-software;Radiologie Software;1;capterra;software;Branchenloesungen
raumbuchungssysteme;Raumbuchungssysteme;2;capterra;software;Projekte & Zusammenarbeit
rcm-software;RCM Software;1;capterra;software;Unkategorisiert
rechnungsprogramme-fuer-handwerker-und-bau;Rechnungsprogramme für Handwerker und Bau;2;capterra;software;Branchenloesungen
rechnungswesen-software;Rechnungswesen Software;1;capterra;software;Finanzen & Buchhaltung
rechtsmanagement-software-fuer-unternehmen;Rechtsmanagement Software für Unternehmen;1;capterra;software;Branchenloesungen
recruiting-automation;Recruiting Automation;3;omr;software;Personal & HR
recruiting-marketing-software;Recruiting Marketing Software;1;capterra;software;Marketing & SEO
recruitment-marketing;Recruitment Marketing;3;omr;software;Marketing & SEO
recruitment-platforms;Recruitment Platforms;2;omr;software;Personal & HR
recruitment-software;Recruitment Software;1;beide;software;Personal & HR
recycling-software;Recycling Software;1;capterra;software;Branchenloesungen
referenzmarketing-software;Referenzmarketing Software;1;capterra;software;Vertrieb & CRM
referenzsoftware;Referenzsoftware;1;capterra;software;Unkategorisiert
referral-software;Referral Software;1;capterra;software;Vertrieb & CRM
registrierungssoftware;Registrierungssoftware;1;capterra;software;IT, Security & Infrastruktur
reisebuero-software;Reisebüro-Software;1;capterra;software;Branchenloesungen
reisekostenabrechnung-software;Reisekostenabrechnung Software;1;capterra;software;Finanzen & Buchhaltung
reiseveranstalter-software;Reiseveranstalter Software;1;capterra;software;Branchenloesungen
relational-databases;Relational Databases;3;omr;software;Daten & Analytics
remote-desktop-software;Remote Desktop Software;1;beide;software;IT, Security & Infrastruktur
remote-monitoring-management-rmm;Remote Monitoring Management RMM;2;omr;software;IT, Security & Infrastruktur
reporting-tools;Reporting-Tools;2;capterra;software;Daten & Analytics
requirements-management-tools;Requirements Management Tools;2;capterra;software;Unkategorisiert
reservationssysteme-fuer-fluggesellschaften;Reservationssysteme für Fluggesellschaften;2;capterra;software;Unkategorisiert
ressourcenmanagement-tools;Ressourcenmanagement Tools;2;capterra;software;Projekte & Zusammenarbeit
retail-execution-software;Retail-Execution-Software;1;capterra;software;E-Commerce & Handel
retail-intelligence;Retail Intelligence;3;capterra;software;E-Commerce & Handel
retargeting;Retargeting;3;omr;software;Marketing & SEO
retourenmanagement-software-rms;Retourenmanagement-Software (RMS);1;beide;software;E-Commerce & Handel
retrieval-augmented-generation;Retrieval Augmented Generation;3;omr;software;KI & Automatisierung
rettungsdienst-software;Rettungsdienst Software;1;capterra;software;Branchenloesungen
revenue-management-systeme;Revenue Management Systeme;2;capterra;software;Lernen & Events
revenue-operations-intelligence-ro-i;Revenue Operations Intelligence Ro I;3;omr;software;Lernen & Events
revenue-recognition-software;Revenue Recognition Software;1;capterra;software;Finanzen & Buchhaltung
review-management-software;Review Management Software;1;beide;software;Unkategorisiert
rezept-software-fuer-aerzte;Rezept Software für Ärzte;1;capterra;software;Branchenloesungen
risikomanagement-software;Risikomanagement Software;1;beide;software;IT, Security & Infrastruktur
rmm-software;RMM-Software;1;capterra;software;IT, Security & Infrastruktur
robotic-process-automation-software;Robotic Process Automation Software;1;capterra;software;KI & Automatisierung
rueckbuchungsmanagement-software;Rückbuchungsmanagement-Software;1;capterra;software;Unkategorisiert
saas-management-software;SaaS-Management-Software;1;capterra;software;Unkategorisiert
saas-operations-management;Saas Operations Management;2;omr;software;Unkategorisiert
saas-spend-management;Saas Spend Management;2;omr;software;Unkategorisiert
sales;Sales;3;omr;software;Vertrieb & CRM
sales-analytics;Sales Analytics;3;omr;software;Vertrieb & CRM
sales-compensation;Sales Compensation;3;omr;software;Vertrieb & CRM
sales-engagement;Sales Engagement;3;omr;software;Vertrieb & CRM
sales-force-automation-software;Sales Force Automation Software;1;capterra;software;Vertrieb & CRM
sales-intelligence-tools;Sales Intelligence Tools;2;beide;software;Vertrieb & CRM
sales-platforms;Sales Platforms;2;omr;software;Vertrieb & CRM
sales-tax-and-vat-compliance;Sales Tax And Vat Compliance;3;omr;software;Vertrieb & CRM
sales-tracking-software;Sales Tracking Software;1;capterra;software;Vertrieb & CRM
salonsoftware;Salonsoftware;1;capterra;software;Branchenloesungen
sanitaer-software;Sanitär Software;1;capterra;software;Branchenloesungen
sast-tools;SAST-Tools;2;capterra;software;Unkategorisiert
scada-software;SCADA-Software;1;capterra;software;Design & Kreativ
schadenmanagement-software;Schadenmanagement Software;1;capterra;software;Unkategorisiert
schaedlingsbekaempfung-software;Schädlingsbekämpfung Software;1;capterra;software;Branchenloesungen
schlosserei-software;Schlosserei Software;1;capterra;software;Branchenloesungen
schullandheim-und-ferienlager-software;Schullandheim und Ferienlager Software;1;capterra;software;Branchenloesungen
schulmanagement-software;Schulmanagement Software;1;capterra;software;Branchenloesungen
schulsoftware;Schulsoftware;1;capterra;software;Branchenloesungen
schulungsplattformen;Schulungsplattformen;2;capterra;software;Branchenloesungen
schwimmschulen-software;Schwimmschulen Software;1;capterra;software;Branchenloesungen
scm-software;SCM Software;1;beide;software;Unkategorisiert
screen-sharing-software;Screen Sharing Software;1;capterra;software;Kommunikation
scrum-tools;Scrum Tools;2;capterra;software;Projekte & Zusammenarbeit
search-engine-advertising;Search Engine Advertising;2;omr;software;Marketing & SEO
secure-email-gateway;Secure Email Gateway;3;beide;software;Marketing & SEO
self-storage-software-mietlager;Self Storage Software (Mietlager);1;capterra;software;Daten & Analytics
sentiment-analysis;Sentiment Analysis;3;omr;software;Unkategorisiert
seo-agencies;SEO Agencies;2;omr;dienstleister;
seo-analysis;SEO Analysis;2;omr;software;Marketing & SEO
seo-audit;SEO Audit;2;omr;software;Marketing & SEO
seo-browser-plugins;SEO Browser Plugins;2;omr;software;Marketing & SEO
seo-competitor-analysis;SEO Competitor Analysis;2;omr;software;Marketing & SEO
seo-content;SEO Content;2;omr;software;Marketing & SEO
seo-reporting;SEO Reporting;2;omr;software;Marketing & SEO
seo-suites;SEO Suites;2;omr;software;Marketing & SEO
seo-tools;SEO Tools;2;beide;software;Marketing & SEO
serp-overlap;Serp Overlap;3;omr;software;Marketing & SEO
server-backup-software;Server-Backup-Software;1;capterra;software;IT, Security & Infrastruktur
server-management-software;Server Management Software;1;capterra;software;IT, Security & Infrastruktur
service-desk-software;Service Desk Software;1;beide;software;Projekte & Zusammenarbeit
shk-angebotssoftware;SHK Angebotssoftware;1;capterra;software;Branchenloesungen
shopify-agencies;Shopify Agencies;3;omr;dienstleister;
sicherheitsmanagement-software;Sicherheitsmanagement Software;1;capterra;software;IT, Security & Infrastruktur
sicherheitssoftware;Sicherheitssoftware;1;capterra;software;IT, Security & Infrastruktur
siem-tools;SIEM Tools;2;capterra;software;IT, Security & Infrastruktur
signatur-software;Signatur Software;1;capterra;software;Unkategorisiert
simulationssoftware;Simulationssoftware;1;capterra;software;IT, Security & Infrastruktur
sms-marketing-tools;SMS Marketing Tools;2;capterra;software;Marketing & SEO
sms-umfragetools;SMS-Umfragetools;2;capterra;software;Marketing & SEO
soar-tools;SOAR-Tools;2;capterra;software;IT, Security & Infrastruktur
social-crm-software;Social-CRM-Software;1;capterra;software;Vertrieb & CRM
social-customer-service;Social Customer Service;3;omr;software;Kommunikation
social-intranet;Social Intranet;3;omr;software;Projekte & Zusammenarbeit
social-listening-tools;Social-Listening-Tools;2;capterra;software;Unkategorisiert
social-media-advertising;Social Media Advertising;3;omr;software;Marketing & SEO
social-media-agenturen;Social Media Agenturen;3;omr;dienstleister;
social-media-analyse;Social Media Analyse;3;omr;software;Marketing & SEO
social-media-analyse-tools;Social Media Analyse Tools;2;capterra;software;Marketing & SEO
social-media-engagement;Social Media Engagement;3;omr;software;Marketing & SEO
social-media-listening;Social Media Listening;3;omr;software;Marketing & SEO
social-media-management-tools;Social Media Management Tools;2;beide;software;Marketing & SEO
social-media-monitoring-tools;Social Media Monitoring Tools;2;beide;software;Marketing & SEO
social-media-planung;Social Media Planung;3;omr;software;Marketing & SEO
social-media-suites;Social Media Suites;2;omr;software;Marketing & SEO
social-media-tools;Social Media Tools;2;beide;software;Marketing & SEO
social-networking-software;Social Networking Software;1;capterra;software;IT, Security & Infrastruktur
social-selling-tools;Social Selling Tools;2;capterra;software;Unkategorisiert
softphone-software;Softphone Software;1;capterra;software;Kommunikation
software-fuer-abtretungserklaerungen;Software für Abtretungserklärungen;1;capterra;software;Unkategorisiert
software-fuer-adresspruefung;Software für Adressprüfung;1;capterra;software;Lernen & Events
software-fuer-ambulante-pflege;Software für ambulante Pflege;1;capterra;software;Branchenloesungen
software-fuer-angewandte-verhaltensanalysen;Software für angewandte Verhaltensanalysen;1;capterra;software;Daten & Analytics
software-fuer-aussenvertrieb;Software für Außenvertrieb;1;beide;software;Vertrieb & CRM
software-fuer-bauunternehmer;Software für Bauunternehmer;1;capterra;software;Branchenloesungen
software-fuer-bildschirmaufzeichnung;Software für Bildschirmaufzeichnung;1;capterra;software;Design & Kreativ
software-fuer-corporate-social-responsibility-csr;Software für Corporate Social Responsibility (CSR);1;beide;software;Unkategorisiert
software-fuer-das-kunden-onboarding;Software für das Kunden-Onboarding;1;capterra;software;Personal & HR
software-fuer-das-vertriebsleistungsmanagement;Software für das Vertriebsleistungsmanagement;1;beide;software;Vertrieb & CRM
software-fuer-die-disposition-von-wartungspersonal;Software für die Disposition von Wartungspersonal;1;capterra;software;Finanzen & Buchhaltung
software-fuer-die-identitaetspruefung;Software für die Identitätsprüfung;1;capterra;software;Lernen & Events
software-fuer-die-lebensmittelindustrie;Software für die Lebensmittelindustrie;1;capterra;software;Branchenloesungen
software-fuer-digitale-forensik;Software für digitale Forensik;1;capterra;software;Unkategorisiert
software-fuer-diversity-und-inklusion;Software für Diversity und Inklusion;1;capterra;software;Personal & HR
software-fuer-einzelhandel;Software für Einzelhandel;1;capterra;software;E-Commerce & Handel
software-fuer-elektronische-patientenakten-fuer-die-psychiatrie;Software für elektronische Patientenakten für die Psychiatrie;1;capterra;software;Branchenloesungen
software-fuer-elektronische-patientenakten-fuer-hausaerzte;Software für elektronische Patientenakten für Hausärzte;1;capterra;software;Branchenloesungen
software-fuer-ernaehrungsberater;Software für Ernährungsberater;1;capterra;software;Unkategorisiert
software-fuer-familienrecht;Software für Familienrecht;1;capterra;software;Branchenloesungen
software-fuer-ferienwohnungen;Software für Ferienwohnungen;1;capterra;software;Branchenloesungen
software-fuer-garagentore;Software für Garagentore;1;capterra;software;Unkategorisiert
software-fuer-gewerbeimmobilien;Software für Gewerbeimmobilien;1;capterra;software;Branchenloesungen
software-fuer-gewerbliche-versicherungen;Software für gewerbliche Versicherungen;1;capterra;software;Unkategorisiert
software-fuer-hauptbuchhaltung;Software für Hauptbuchhaltung;1;capterra;software;Finanzen & Buchhaltung
software-fuer-hintergrundpruefungen;Software für Hintergrundprüfungen;1;capterra;software;Lernen & Events
software-fuer-hybride-veranstaltungen;Software für hybride Veranstaltungen;1;capterra;software;IT, Security & Infrastruktur
software-fuer-integriertes-risikomanagement;Software für integriertes Risikomanagement;1;capterra;software;IT, Security & Infrastruktur
software-fuer-kirchenverwaltung;Software für Kirchenverwaltung;1;capterra;software;Branchenloesungen
software-fuer-kommunen;Software für Kommunen;1;capterra;software;Branchenloesungen
software-fuer-konfliktpruefung;Software für Konfliktprüfung;1;capterra;software;Lernen & Events
software-fuer-krypto-boersen;Software für Krypto-Börsen;1;capterra;software;Finanzen & Buchhaltung
software-fuer-kundenschulungen;Software für Kundenschulungen;1;capterra;software;Branchenloesungen
software-fuer-leasing-bilanzierung;Software für Leasing-Bilanzierung;1;capterra;software;Finanzen & Buchhaltung
software-fuer-lieferantenmanagement;Software für Lieferantenmanagement;1;capterra;software;Produktion & Supply Chain
software-fuer-medizinische-bildverarbeitung;Software für medizinische Bildverarbeitung;1;capterra;software;Branchenloesungen
software-fuer-mitarbeiterentsendung;Software für Mitarbeiterentsendung;1;capterra;software;E-Commerce & Handel
software-fuer-multi-faktor-authentifizierung;Software für Multi-Faktor Authentifizierung;1;capterra;software;IT, Security & Infrastruktur
software-fuer-oeffentliche-verwaltung;Software für öffentliche Verwaltung;1;capterra;software;Branchenloesungen
software-fuer-paketverfolgung;Software für Paketverfolgung;1;capterra;software;E-Commerce & Handel
software-fuer-patientenplanung;Software für Patientenplanung;1;capterra;software;Branchenloesungen
software-fuer-personalvermittler;Software für Personalvermittler;1;capterra;software;Personal & HR
software-fuer-pferdebetriebe;Software für Pferdebetriebe;1;capterra;software;Unkategorisiert
software-fuer-plastische-chirurgie;Software für Plastische Chirurgie;1;capterra;software;Unkategorisiert
software-fuer-qualitaetssicherung-fuer-kontaktcenter;Software für Qualitätssicherung für Kontaktcenter;1;capterra;software;Kommunikation
software-fuer-rechtsrecherchen;Software für Rechtsrecherchen;1;capterra;software;Branchenloesungen
software-fuer-schaden-und-unfallversicherer;Software für Schaden- und Unfallversicherer;1;capterra;software;Unkategorisiert
software-fuer-sendungsverfolgung;Software für Sendungsverfolgung;1;capterra;software;E-Commerce & Handel
software-fuer-sicherheitsschulungen;Software für Sicherheitsschulungen;1;capterra;software;Branchenloesungen
software-fuer-studentenportale;Software für Studentenportale;1;capterra;software;Branchenloesungen
software-fuer-teppichreiniger;Software für Teppichreiniger;1;capterra;software;Unkategorisiert
software-fuer-therapeuten;Software für Therapeuten;1;capterra;software;Branchenloesungen
software-fuer-therapienotizen;Software für Therapienotizen;1;capterra;software;Branchenloesungen
software-fuer-vertriebsportale;Software für Vertriebsportale;1;capterra;software;Vertrieb & CRM
software-fuer-virtuelle-events;Software für virtuelle Events;1;capterra;software;Lernen & Events
software-testing;Software Testing;1;omr;software;IT, Security & Infrastruktur
software-zum-nft-erstellen;Software zum NFT Erstellen;1;capterra;software;Unkategorisiert
software-zum-wettbewerberpreismonitoring;Software zum Wettbewerberpreismonitoring;1;capterra;software;Marketing & SEO
software-zur-analyse-des-kaufverhaltens;Software zur Analyse des Kaufverhaltens;1;capterra;software;Daten & Analytics
software-zur-app-store-optimierung;Software zur App Store-Optimierung;1;capterra;software;Unkategorisiert
software-zur-berechnung-von-lebensmittelkosten;Software zur Berechnung von Lebensmittelkosten;1;capterra;software;Branchenloesungen
software-zur-datenaufbereitung;Software zur Datenaufbereitung;1;capterra;software;Daten & Analytics
software-zur-fernueberwachung-von-patienten;Software zur Fernüberwachung von Patienten;1;capterra;software;Branchenloesungen
software-zur-kalkulation-der-hausbaukosten;Software zur Kalkulation der Hausbaukosten;1;capterra;software;Branchenloesungen
software-zur-kilometerverfolgung-mileage-tracking;Software zur Kilometerverfolgung (Mileage Tracking);1;capterra;software;Unkategorisiert
software-zur-personaleinsatzplanung-fuer-callcenter;Software zur Personaleinsatzplanung für Callcenter;1;capterra;software;Personal & HR
software-zur-self-service-kennwortzuruecksetzung-sspr;Software zur Self-Service-Kennwortzurücksetzung (SSPR);1;capterra;software;Unkategorisiert
software-zur-webseitenoptimierung;Software zur Webseitenoptimierung;1;capterra;software;Website & Content
solar-software;Solar Software;1;capterra;software;Branchenloesungen
source-code-control-systeme;Source Code Control Systeme;2;capterra;software;IT, Security & Infrastruktur
soziale-einrichtungen-software;Soziale Einrichtungen Software;1;capterra;software;Unkategorisiert
spa-software;Spa Software;1;capterra;software;Branchenloesungen
spc-software;SPC Software;1;capterra;software;Unkategorisiert
speditionssoftware;Speditionssoftware;1;capterra;software;IT, Security & Infrastruktur
spendenverwaltung-software;Spendenverwaltung Software;1;capterra;software;Branchenloesungen
spesenmanagement-software-online;Spesenmanagement Software (Online);1;capterra;software;Finanzen & Buchhaltung
sprachanalyse-software;Sprachanalyse Software;1;capterra;software;Daten & Analytics
spracherkennungssoftware;Spracherkennungssoftware;1;capterra;software;KI & Automatisierung
sprachlernsoftware;Sprachlernsoftware;1;capterra;software;Lernen & Events
sso-software;SSO Software;1;capterra;software;IT, Security & Infrastruktur
stammdatenmanagement-tools;Stammdatenmanagement Tools;2;capterra;software;Daten & Analytics
start-up-erp;Start Up ERP;2;omr;software;Produktion & Supply Chain
statistik-programme;Statistik-Programme;2;capterra;software;Daten & Analytics
stempeluhr-software;Stempeluhr Software;1;capterra;software;Personal & HR
steuerberater;Steuerberater;3;omr;dienstleister;
steuerberater-software;Steuerberater Software;1;capterra;software;Finanzen & Buchhaltung
steuerprogramme;Steuerprogramme;2;capterra;software;Finanzen & Buchhaltung
steuersoftware-fuer-unternehmen;Steuersoftware für Unternehmen;1;beide;software;Finanzen & Buchhaltung
stipendienverwaltungssoftware;Stipendienverwaltungssoftware;1;capterra;software;IT, Security & Infrastruktur
stock-portfolio-management-software;Stock Portfolio Management Software;1;capterra;software;Finanzen & Buchhaltung
strategic-planning-and-execution;Strategic Planning And Execution;3;omr;software;Unkategorisiert
streaming-software;Streaming-Software;1;capterra;software;Kommunikation
studenteninformationssysteme-sis;Studenteninformationssysteme (SIS);2;capterra;software;Branchenloesungen
subscription-management-software;Subscription Management Software;1;beide;software;Unkategorisiert
supplier-relationship-management;Supplier Relationship Management;2;omr;software;Produktion & Supply Chain
supply-chain-business-networks;Supply Chain Business Networks;3;omr;software;IT, Security & Infrastruktur
supply-chain-cost-to-serve-analytics;Supply Chain Cost To Serve Analytics;3;omr;software;Daten & Analytics
supply-chain-logistik;Supply Chain Logistik;3;omr;software;Produktion & Supply Chain
supply-chain-planning;Supply Chain Planning;3;omr;software;Produktion & Supply Chain
supply-chain-suites;Supply Chain Suites;2;omr;software;Produktion & Supply Chain
supply-chain-visibility;Supply Chain Visibility;3;omr;software;Produktion & Supply Chain
sustainability-management;Sustainability Management;2;omr;software;Unkategorisiert
synchronisationssoftware;Synchronisationssoftware;1;capterra;software;IT, Security & Infrastruktur
tabellenprogramme;Tabellenprogramme;2;capterra;software;Daten & Analytics
tag-management;Tag Management;2;omr;software;Unkategorisiert
tagespflege-software;Tagespflege Software;1;capterra;software;Branchenloesungen
talent-assessment;Talent Assessment;3;omr;software;Personal & HR
talent-management-software;Talent Management Software;1;beide;software;Personal & HR
tanzschulsoftware;Tanzschulsoftware;1;capterra;software;Branchenloesungen
tattoo-studio-software;Tattoo Studio Software;1;capterra;software;Branchenloesungen
team-management-software;Team Management Software;1;capterra;software;Projekte & Zusammenarbeit
technical-seo;Technical SEO;2;omr;software;Marketing & SEO
teilnehmerregistrierung-software;Teilnehmerregistrierung Software;1;capterra;software;Lernen & Events
telefon-software;Telefon Software;1;capterra;software;Kommunikation
telefonanlage-software;Telefonanlage Software;1;capterra;software;Kommunikation
telekommunikationskosten-management-software;Telekommunikationskosten-Management-Software;1;capterra;software;Unkategorisiert
telemarketing-software;Telemarketing Software;1;capterra;software;Vertrieb & CRM
telemedizin-software;Telemedizin Software;1;capterra;software;Branchenloesungen
terminerinnerung-software;Terminerinnerung Software;1;capterra;software;Projekte & Zusammenarbeit
terminplaner-fuer-arztpraxen;Terminplaner für Arztpraxen;3;capterra;software;Branchenloesungen
terminplaner-software;Terminplaner Software;1;capterra;software;Projekte & Zusammenarbeit
testing-tools;Testing Tools;2;capterra;software;IT, Security & Infrastruktur
testmanagement-tools;Testmanagement-Tools;2;capterra;software;IT, Security & Infrastruktur
text-mining-software;Text Mining Software;1;capterra;software;Daten & Analytics
text-to-speech-software;Text-To-Speech Software;1;beide;software;KI & Automatisierung
threat-intelligence-platform;Threat-Intelligence-Platform;2;capterra;software;IT, Security & Infrastruktur
tierarzt-software;Tierarzt Software;1;capterra;software;Branchenloesungen
tierhaltung-software-haustiere;Tierhaltung Software (Haustiere);1;capterra;software;Unkategorisiert
tierheim-software;Tierheim Software;1;capterra;software;Branchenloesungen
tierpension-software;Tierpension Software;1;capterra;software;Branchenloesungen
time-attendance;Time Attendance;3;omr;software;Unkategorisiert
timeshare-software;Timeshare Software;1;capterra;software;Unkategorisiert
tourenplaner-software;Tourenplaner Software;1;capterra;software;Produktion & Supply Chain
tourenplanungssoftware-fuer-schulbusse;Tourenplanungssoftware für Schulbusse;1;capterra;software;Branchenloesungen
tracking;Tracking;3;omr;software;Unkategorisiert
trade-promotion-management-software;Trade Promotion Management Software;1;capterra;software;Unkategorisiert
training-management-systems;Training Management Systems;2;omr;software;Lernen & Events
transaktions-e-mail-software;Transaktions-E-Mail Software;1;capterra;software;Kommunikation
transkriptionssoftware;Transkriptionssoftware;1;capterra;software;KI & Automatisierung
translation;Translation;3;omr;software;KI & Automatisierung
translation-management-systeme;Translation-Management-Systeme;2;capterra;software;KI & Automatisierung
transport-management-systeme;Transport-Management-Systeme;2;capterra;software;Produktion & Supply Chain
transportsoftware;Transportsoftware;1;capterra;software;Produktion & Supply Chain
travel-management-systeme;Travel Management Systeme;2;beide;software;Unkategorisiert
treasury-management-systeme;Treasury-Management-Systeme;2;capterra;software;Finanzen & Buchhaltung
treuhand-software;Treuhand Software;1;capterra;software;Finanzen & Buchhaltung
turnierplaner-software-und-ligaverwaltung;Turnierplaner Software und Ligaverwaltung;1;capterra;software;Produktion & Supply Chain
uc-software;UC Software;1;capterra;software;Unkategorisiert
uem-software;UEM Software;1;capterra;software;IT, Security & Infrastruktur
ugc-plattformen;UGC Plattformen;2;capterra;software;Unkategorisiert
umfragetools;Umfragetools;2;beide;software;Marketing & SEO
umsatzsteuer-software;Umsatzsteuer Software;1;capterra;software;Finanzen & Buchhaltung
umweltmanagementsysteme;Umweltmanagementsysteme;2;capterra;software;Produktion & Supply Chain
umzugssoftware;Umzugssoftware;1;capterra;software;Branchenloesungen
unternehmensberatungen;Unternehmensberatungen;3;omr;dienstleister;
unternehmensfuehrung-software;Unternehmensführung Software;1;capterra;software;Unkategorisiert
untertitel-programme;Untertitel Programme;2;capterra;software;Design & Kreativ
urlaubsverwaltung-software;Urlaubsverwaltung Software;1;capterra;software;Personal & HR
user-generated-content;User Generated Content;3;omr;software;Marketing & SEO
user-testing-software;User Testing Software;1;capterra;software;IT, Security & Infrastruktur
ux-tools;UX-Tools;2;capterra;software;Design & Kreativ
vdi-software;VDI-Software;1;capterra;software;IT, Security & Infrastruktur
vektorgrafik-programme;Vektorgrafik Programme;2;beide;software;Design & Kreativ
vendor-management-systeme;Vendor Management Systeme;2;capterra;software;Produktion & Supply Chain
venue-management-software;Venue Management Software;1;capterra;software;Lernen & Events
vereins-management;Vereins Management;2;omr;software;Branchenloesungen
vereinssoftware;Vereinssoftware;1;capterra;software;Branchenloesungen
verkaufstraining-tools;Verkaufstraining Tools;2;beide;software;Lernen & Events
verlagssoftware;Verlagssoftware;1;capterra;software;IT, Security & Infrastruktur
verleihsoftware;Verleihsoftware;1;capterra;software;Unkategorisiert
vermietungssoftware;Vermietungssoftware;1;capterra;software;IT, Security & Infrastruktur
vermietungssoftware-fuer-events;Vermietungssoftware für Events;1;capterra;software;IT, Security & Infrastruktur
verpackungssoftware;Verpackungssoftware;1;capterra;software;KI & Automatisierung
versandsoftware;Versandsoftware;1;beide;software;E-Commerce & Handel
verschluesselungssoftware;Verschlüsselungssoftware;1;capterra;software;IT, Security & Infrastruktur
versicherungseinstufung-software;Versicherungseinstufung Software;1;capterra;software;Unkategorisiert
versicherungssoftware;Versicherungssoftware;1;capterra;software;IT, Security & Infrastruktur
versicherungsverwaltung-software;Versicherungsverwaltung Software;1;capterra;software;Unkategorisiert
versionsverwaltungssoftware;Versionsverwaltungssoftware;1;capterra;software;IT, Security & Infrastruktur
versorgungstechnik-und-tga-software;Versorgungstechnik und TGA Software;1;capterra;software;Branchenloesungen
vertragsmanagement-software;Vertragsmanagement Software;1;beide;software;Unkategorisiert
vertriebssoftware;Vertriebssoftware;1;beide;software;Vertrieb & CRM
vertriebsunterstuetzung-software;Vertriebsunterstützung Software;1;beide;software;Vertrieb & CRM
verwaltungssoftware-fuer-wohnmobilstellplaetze;Verwaltungssoftware für Wohnmobilstellplätze;1;capterra;software;IT, Security & Infrastruktur
verzeichnissoftware;Verzeichnissoftware;1;capterra;software;IT, Security & Infrastruktur
video-advertising;Video Advertising;3;omr;software;Marketing & SEO
video-communications;Video Communications;3;omr;software;Design & Kreativ
video-interview-tools;Video Interview Tools;2;capterra;software;Design & Kreativ
video-management-software;Video Management Software;1;capterra;software;Design & Kreativ
video-marketing-software;Video-Marketing-Software;1;capterra;software;Marketing & SEO
video-plattformen;Video Plattformen;2;beide;software;Design & Kreativ
video-youtube-seo;Video Youtube SEO;2;omr;software;Marketing & SEO
videobearbeitungsprogramme;Videobearbeitungsprogramme;2;beide;software;Design & Kreativ
videokonferenz-software;Videokonferenz Software;1;beide;software;Kommunikation
videoschnittsoftware-und-videoproduktion;Videoschnittsoftware und Videoproduktion;1;capterra;software;Design & Kreativ
virtual-event-platforms;Virtual Event Platforms;2;omr;software;Lernen & Events
virtual-machine-software;Virtual Machine Software;1;capterra;software;Unkategorisiert
virtual-mailbox;Virtual Mailbox;3;omr;software;Unkategorisiert
virtual-private-network-vpn;Virtual Private Network VPN;2;omr;software;IT, Security & Infrastruktur
virtual-tour-software;Virtual Tour Software;1;capterra;software;Produktion & Supply Chain
virtual-workspaces;Virtual Workspaces;3;omr;software;Unkategorisiert
virtualisierungssoftware;Virtualisierungssoftware;1;capterra;software;IT, Security & Infrastruktur
virtuelle-assistenten-software;Virtuelle Assistenten Software;1;capterra;software;KI & Automatisierung
virtuelle-datenraeume;Virtuelle Datenräume;3;capterra;software;Daten & Analytics
virtuelles-klassenzimmer-software;Virtuelles Klassenzimmer Software;1;capterra;software;Lernen & Events
visitenkarten-programme;Visitenkarten Programme;2;capterra;software;Unkategorisiert
visitor-identification;Visitor Identification;3;omr;software;Unkategorisiert
visual-search-software;Visual Search Software;1;capterra;software;Marketing & SEO
voip-software;VoIP-Software;1;beide;software;Kommunikation
vpn-software;VPN Software;1;capterra;software;IT, Security & Infrastruktur
vps;VPS;3;capterra;software;Unkategorisiert
vr-software;VR Software;1;capterra;software;Unkategorisiert
vulnerability-management-software;Vulnerability Management Software;1;capterra;software;IT, Security & Infrastruktur
vulnerability-scanner;Vulnerability Scanner;2;capterra;software;IT, Security & Infrastruktur
waeschereisoftware;Wäschereisoftware;1;capterra;software;Branchenloesungen
wahlsoftware;Wahlsoftware;1;capterra;software;Branchenloesungen
wallets-fuer-kryptowaehrungen;Wallets für Kryptowährungen;3;capterra;software;Finanzen & Buchhaltung
warenkorb;Warenkorb;3;omr;software;E-Commerce & Handel
warenkorb-software;Warenkorb Software;1;capterra;software;E-Commerce & Handel
warenwirtschaftssysteme;Warenwirtschaftssysteme;2;beide;software;Produktion & Supply Chain
warteschlangenmanagement-systeme;Warteschlangenmanagement Systeme;2;capterra;software;Unkategorisiert
wartungssoftware;Wartungssoftware;1;capterra;software;IT, Security & Infrastruktur
wdf-idf;Wdf Idf;3;omr;software;Unkategorisiert
web-acceleration;Web Acceleration;3;omr;software;Unkategorisiert
web-content-management-systeme;Web Content-Management-Systeme;2;beide;software;Marketing & SEO
web-scraping-tools;Web-Scraping-Tools;2;capterra;software;KI & Automatisierung
web-to-print-software;Web-to-Print Software;1;capterra;software;E-Commerce & Handel
webanalyse-tools;Webanalyse-Tools;2;beide;software;Daten & Analytics
webdesign;Webdesign;3;omr;dienstleister;
webdesign-services;Webdesign Services;3;omr;dienstleister;
webdesign-software;Webdesign Software;1;beide;software;Design & Kreativ
webhosting;Webhosting;3;omr;software;IT, Security & Infrastruktur
webinar-software;Webinar Software;1;beide;software;Kommunikation
website-monitoring-tools;Website-Monitoring Tools;2;beide;software;IT, Security & Infrastruktur
website-personalization;Website Personalization;3;omr;software;Personal & HR
website-sicherheitssoftware;Website-Sicherheitssoftware;1;beide;software;IT, Security & Infrastruktur
weg-verwaltung-software;WEG-Verwaltung Software;1;capterra;software;Branchenloesungen
weinbau-software;Weinbau-Software;1;capterra;software;Branchenloesungen
werbeagentur-software;Werbeagentur Software;1;capterra;software;Marketing & SEO
werkzeugverwaltungssoftware;Werkzeugverwaltungssoftware;1;capterra;software;IT, Security & Infrastruktur
whatsapp-marketing;Whatsapp Marketing;3;omr;software;Marketing & SEO
whatsapp-recruiting;Whatsapp Recruiting;3;omr;software;Personal & HR
whistleblowing-software;Whistleblowing-Software;1;beide;software;IT, Security & Infrastruktur
whiteboard-software;Whiteboard-Software;1;beide;software;Projekte & Zusammenarbeit
wiederkehrende-rechnungen-software;Wiederkehrende Rechnungen Software;1;capterra;software;Finanzen & Buchhaltung
wireframe-tools;Wireframe Tools;2;capterra;software;Design & Kreativ
wireframing;Wireframing;3;omr;software;Unkategorisiert
wissensdatenbank-software;Wissensdatenbank Software;1;capterra;software;Projekte & Zusammenarbeit
wissensmanagement;Wissensmanagement;3;omr;software;Projekte & Zusammenarbeit
wissensmanagement-tools;Wissensmanagement Tools;2;capterra;software;Projekte & Zusammenarbeit
wohnungsverwaltungssoftware;Wohnungsverwaltungssoftware;1;capterra;software;Branchenloesungen
wordpress-hosting;Wordpress Hosting;3;omr;software;Marketing & SEO
workflow-management-systeme;Workflow Management Systeme;2;beide;software;Projekte & Zusammenarbeit
workforce-planning;Workforce Planning;3;omr;software;Personal & HR
workplace-management;Workplace Management;2;omr;software;Unkategorisiert
xdr-software;XDR-Software;1;capterra;software;IT, Security & Infrastruktur
yard-management-systeme;Yard-Management-Systeme;2;capterra;software;Produktion & Supply Chain
yoga-studio-software;Yoga Studio Software;1;capterra;software;Branchenloesungen
zahlungsdienstleister;Zahlungsdienstleister;3;omr;software;Finanzen & Buchhaltung
zahlungssoftware;Zahlungssoftware;1;capterra;software;Finanzen & Buchhaltung
zahnarzt-software;Zahnarzt Software;1;capterra;software;Branchenloesungen
zahnmedizinische-chart-software;Zahnmedizinische Chart Software;1;capterra;software;Branchenloesungen
zeit-und-spesenabrechnung-software;Zeit- und Spesenabrechnung-Software;1;capterra;software;Finanzen & Buchhaltung
zeitarbeit-software;Zeitarbeit Software;1;capterra;software;Personal & HR
zeiterfassungssysteme;Zeiterfassungssysteme;2;beide;software;Personal & HR
zeitfenstermanagement-systeme;Zeitfenstermanagement Systeme;2;capterra;software;Projekte & Zusammenarbeit
zertifizierungs-tracking-software;Zertifizierungs-Tracking-Software;1;capterra;software;Lernen & Events
zoo-software;Zoo Software;1;capterra;software;Branchenloesungen
zugangssoftware;Zugangssoftware;1;capterra;software;IT, Security & Infrastruktur
